t,speed_kmh,rpm,rpm_max,gear,throttle,brake,abs,tcs,progress,position_current,position_total
0.00,0.00,950,8200,N,0.25,0.00,0,0,0.0000,8,12
0.10,0.00,950,8200,N,0.25,0.00,0,0,0.0007,8,12
0.20,0.00,950,8200,N,0.25,0.00,0,0,0.0013,8,12
0.30,0.00,950,8200,N,0.25,0.00,0,0,0.0020,8,12
0.40,0.00,950,8200,N,0.25,0.00,0,0,0.0027,8,12
0.50,0.00,950,8200,N,0.25,0.00,0,0,0.0033,8,12
0.60,0.00,950,8200,N,0.25,0.00,0,0,0.0040,8,12
0.70,0.00,950,8200,N,0.25,0.00,0,0,0.0047,8,12
0.80,0.00,950,8200,N,0.25,0.00,0,0,0.0053,8,12
0.90,0.00,950,8200,N,0.25,0.00,0,0,0.0060,8,12
1.00,0.00,950,8200,N,0.25,0.00,0,0,0.0067,8,12
1.10,0.00,950,8200,N,0.25,0.00,0,0,0.0073,8,12
1.20,0.00,1150,8200,1,0.25,0.00,0,0,0.0080,8,12
1.30,0.92,1235,8200,1,0.45,0.00,0,0,0.0087,8,12
1.40,1.84,1320,8200,1,0.45,0.00,0,0,0.0093,8,12
1.50,2.76,1404,8200,1,0.45,0.00,0,0,0.0100,8,12
1.60,3.68,1489,8200,1,0.45,0.00,0,0,0.0107,8,12
1.70,4.60,1574,8200,1,0.45,0.00,0,0,0.0113,8,12
1.80,5.52,1659,8200,1,0.45,0.00,0,0,0.0120,8,12
1.90,6.44,1743,8200,1,0.45,0.00,0,0,0.0127,8,12
2.00,7.36,1828,8200,1,0.45,0.00,0,0,0.0133,8,12
2.10,8.28,1913,8200,1,0.45,0.00,0,0,0.0140,8,12
2.20,9.20,1998,8200,1,0.45,0.00,0,0,0.0147,8,12
2.30,10.12,2082,8200,1,0.45,0.00,0,0,0.0153,8,12
2.40,11.04,2167,8200,1,0.45,0.00,0,0,0.0160,8,12
2.50,11.96,2252,8200,1,0.45,0.00,0,0,0.0167,8,12
2.60,12.88,2337,8200,1,0.45,0.00,0,0,0.0173,8,12
2.70,13.80,2422,8200,1,0.45,0.00,0,0,0.0180,8,12
2.80,14.72,2506,8200,1,0.45,0.00,0,0,0.0187,8,12
2.90,15.64,2591,8200,1,0.45,0.00,0,0,0.0193,8,12
3.00,16.56,2676,8200,1,0.45,0.00,0,0,0.0200,8,12
3.10,17.48,2761,8200,1,0.45,0.00,0,0,0.0207,8,12
3.20,18.40,2845,8200,1,0.45,0.00,0,0,0.0213,8,12
3.30,19.32,2930,8200,1,0.45,0.00,0,0,0.0220,8,12
3.40,20.24,3015,8200,1,0.45,0.00,0,0,0.0227,8,12
3.50,21.16,3100,8200,1,0.45,0.00,0,0,0.0233,8,12
3.60,22.08,3185,8200,1,0.45,0.00,0,0,0.0240,8,12
3.70,23.00,3269,8200,1,0.45,0.00,0,0,0.0247,8,12
3.80,23.92,3354,8200,1,0.45,0.00,0,0,0.0253,8,12
3.90,24.84,3439,8200,1,0.45,0.00,0,0,0.0260,8,12
4.00,25.76,3524,8200,1,0.45,0.00,0,0,0.0267,8,12
4.10,26.68,3608,8200,1,0.45,0.00,0,0,0.0273,8,12
4.20,27.60,3693,8200,1,0.45,0.00,0,0,0.0280,8,12
4.30,28.52,3778,8200,1,0.45,0.00,0,0,0.0287,8,12
4.40,29.44,3863,8200,1,0.45,0.00,0,0,0.0293,8,12
4.50,30.36,3947,8200,1,0.45,0.00,0,0,0.0300,8,12
4.60,31.28,4032,8200,1,0.45,0.00,0,0,0.0307,8,12
4.70,32.20,4117,8200,1,0.45,0.00,0,0,0.0313,8,12
4.80,33.12,4202,8200,1,0.45,0.00,0,0,0.0320,8,12
4.90,34.04,4287,8200,1,0.45,0.00,0,0,0.0327,8,12
5.00,34.96,4371,8200,1,0.45,0.00,0,0,0.0333,8,12
5.10,35.88,4456,8200,1,0.45,0.00,0,0,0.0340,8,12
5.20,36.80,4541,8200,1,0.45,0.00,0,0,0.0347,8,12
5.30,37.72,4626,8200,1,0.45,0.00,0,0,0.0353,8,12
5.40,38.64,4710,8200,1,0.45,0.00,0,0,0.0360,8,12
5.50,39.56,4795,8200,1,0.45,0.00,0,0,0.0367,8,12
5.60,40.48,4880,8200,1,0.45,0.00,0,0,0.0373,8,12
5.70,41.40,4965,8200,1,0.45,0.00,0,0,0.0380,8,12
5.80,42.32,5049,8200,1,0.45,0.00,0,0,0.0387,8,12
5.90,43.24,5134,8200,1,0.45,0.00,0,0,0.0393,8,12
6.00,44.16,5219,8200,1,0.45,0.00,0,0,0.0400,8,12
6.10,45.08,5304,8200,1,0.45,0.00,0,0,0.0407,8,12
6.20,46.00,5389,8200,1,0.45,0.00,0,0,0.0413,8,12
6.30,46.92,5473,8200,1,0.45,0.00,0,0,0.0420,8,12
6.40,47.84,5558,8200,1,0.45,0.00,0,0,0.0427,8,12
6.50,48.76,5643,8200,1,0.45,0.00,0,0,0.0433,8,12
6.60,49.68,5728,8200,1,0.45,0.00,0,0,0.0440,8,12
6.70,50.60,5812,8200,1,0.45,0.00,0,0,0.0447,8,12
6.80,51.52,5897,8200,1,0.45,0.00,0,0,0.0453,8,12
6.90,52.44,5982,8200,1,0.45,0.00,0,0,0.0460,8,12
7.00,53.36,6067,8200,1,0.45,0.00,0,0,0.0467,8,12
7.10,54.28,6152,8200,1,0.45,0.00,0,1,0.0473,8,12
7.20,55.20,4387,8200,2,0.45,0.00,0,1,0.0480,8,12
7.30,56.12,4441,8200,2,0.45,0.00,0,1,0.0487,8,12
7.40,57.04,4495,8200,2,0.45,0.00,0,1,0.0493,8,12
7.50,57.96,4549,8200,2,0.45,0.00,0,1,0.0500,8,12
7.60,58.88,4603,8200,2,0.45,0.00,0,1,0.0507,8,12
7.70,59.80,4656,8200,2,0.45,0.00,0,1,0.0513,8,12
7.80,60.72,4710,8200,2,0.45,0.00,0,1,0.0520,8,12
7.90,61.64,4764,8200,2,0.45,0.00,0,1,0.0527,8,12
8.00,62.56,4818,8200,2,0.45,0.00,0,1,0.0533,8,12
8.10,63.48,4872,8200,2,0.45,0.00,0,1,0.0540,8,12
8.20,64.40,4926,8200,2,0.45,0.00,0,1,0.0547,8,12
8.30,65.32,4980,8200,2,0.45,0.00,0,1,0.0553,8,12
8.40,66.24,5034,8200,2,0.45,0.00,0,1,0.0560,8,12
8.50,67.16,5088,8200,2,0.45,0.00,0,1,0.0567,8,12
8.60,68.08,5142,8200,2,0.45,0.00,0,1,0.0573,8,12
8.70,69.00,5196,8200,2,0.45,0.00,0,1,0.0580,8,12
8.80,69.92,5250,8200,2,0.45,0.00,0,1,0.0587,8,12
8.90,70.84,5304,8200,2,0.45,0.00,0,1,0.0593,8,12
9.00,71.76,5358,8200,2,0.45,0.00,0,1,0.0600,8,12
9.10,72.68,5412,8200,2,0.45,0.00,0,1,0.0607,8,12
9.20,73.60,5466,8200,2,0.45,0.00,0,1,0.0613,8,12
9.30,74.52,5520,8200,2,0.45,0.00,0,1,0.0620,8,12
9.40,75.44,5574,8200,2,0.45,0.00,0,1,0.0627,8,12
9.50,76.36,5627,8200,2,0.45,0.00,0,1,0.0633,8,12
9.60,77.28,5681,8200,2,0.45,0.00,0,1,0.0640,8,12
9.70,78.20,5735,8200,2,0.45,0.00,0,1,0.0647,8,12
9.80,79.12,5789,8200,2,0.45,0.00,0,1,0.0653,8,12
9.90,80.04,5843,8200,2,0.45,0.00,0,1,0.0660,8,12
10.00,80.96,5897,8200,2,0.45,0.00,0,1,0.0667,8,12
10.10,81.88,5951,8200,2,0.45,0.00,0,1,0.0673,8,12
10.20,82.80,6005,8200,2,0.45,0.00,0,1,0.0680,8,12
10.30,83.72,6059,8200,2,0.45,0.00,0,1,0.0687,8,12
10.40,84.64,6113,8200,2,0.45,0.00,0,1,0.0693,8,12
10.50,85.56,6167,8200,2,0.45,0.00,0,1,0.0700,8,12
10.60,86.48,6221,8200,2,0.45,0.00,0,1,0.0707,8,12
10.70,87.40,6275,8200,2,0.45,0.00,0,1,0.0713,8,12
10.80,88.32,6329,8200,2,0.45,0.00,0,1,0.0720,8,12
10.90,89.24,6383,8200,2,0.45,0.00,0,1,0.0727,8,12
11.00,90.16,6437,8200,2,0.45,0.00,0,0,0.0733,8,12
11.10,91.08,6491,8200,2,0.45,0.00,0,0,0.0740,8,12
11.20,92.00,6545,8200,2,0.45,0.00,0,0,0.0747,8,12
11.30,92.92,6598,8200,2,0.45,0.00,0,0,0.0753,8,12
11.40,93.84,6652,8200,2,0.45,0.00,0,0,0.0760,8,12
11.50,94.76,6706,8200,2,0.45,0.00,0,0,0.0767,8,12
11.60,95.68,5264,8200,3,0.45,0.00,0,0,0.0773,8,12
11.70,96.60,5304,8200,3,0.45,0.00,0,0,0.0780,8,12
11.80,97.52,5343,8200,3,0.45,0.00,0,0,0.0787,8,12
11.90,98.44,5383,8200,3,0.45,0.00,0,0,0.0793,8,12
12.00,99.36,5422,8200,3,0.45,0.00,0,0,0.0800,8,12
12.10,100.28,5462,8200,3,0.45,0.00,0,0,0.0807,8,12
12.20,101.20,5502,8200,3,0.45,0.00,0,0,0.0813,8,12
12.30,102.12,5541,8200,3,0.45,0.00,0,0,0.0820,8,12
12.40,103.04,5581,8200,3,0.45,0.00,0,0,0.0827,8,12
12.50,103.96,5620,8200,3,0.45,0.00,0,0,0.0833,8,12
12.60,104.88,5660,8200,3,0.45,0.00,0,0,0.0840,8,12
12.70,105.80,5699,8200,3,0.45,0.00,0,0,0.0847,8,12
12.80,106.72,5739,8200,3,0.45,0.00,0,0,0.0853,8,12
12.90,107.64,5779,8200,3,0.45,0.00,0,0,0.0860,8,12
13.00,108.56,5818,8200,3,0.45,0.00,0,0,0.0867,8,12
13.10,109.48,5858,8200,3,0.45,0.00,0,0,0.0873,8,12
13.20,110.40,5897,8200,3,0.45,0.00,0,0,0.0880,8,12
13.30,111.32,5937,8200,3,0.45,0.00,0,0,0.0887,8,12
13.40,112.24,5976,8200,3,0.45,0.00,0,0,0.0893,8,12
13.50,113.16,6016,8200,3,0.45,0.00,0,0,0.0900,8,12
13.60,114.08,6055,8200,3,0.45,0.00,0,0,0.0907,8,12
13.70,115.00,6095,8200,3,0.45,0.00,0,0,0.0913,8,12
13.80,115.92,6135,8200,3,0.45,0.00,0,0,0.0920,8,12
13.90,116.84,6174,8200,3,0.45,0.00,0,0,0.0927,8,12
14.00,127.88,6649,8200,3,1.00,0.00,0,0,0.0933,8,12
14.10,128.40,6671,8200,3,0.36,0.00,0,0,0.0940,8,12
14.20,128.89,6692,8200,3,0.36,0.00,0,0,0.0947,8,12
14.30,129.35,6712,8200,3,0.35,0.00,0,0,0.0953,8,12
14.40,129.78,6730,8200,3,0.34,0.00,0,0,0.0960,8,12
14.50,130.18,6748,8200,3,0.34,0.00,0,0,0.0967,8,12
14.60,130.55,6763,8200,3,0.33,0.00,0,0,0.0973,8,12
14.70,130.88,6778,8200,3,0.32,0.00,0,0,0.0980,8,12
14.80,131.19,6791,8200,3,0.32,0.00,0,0,0.0987,8,12
14.90,131.47,6803,8200,3,0.31,0.00,0,0,0.0993,8,12
15.00,131.73,6814,8200,3,0.31,0.00,0,0,0.1000,8,12
15.10,131.95,6824,8200,3,0.30,0.00,0,0,0.1007,8,12
15.20,132.15,6832,8200,3,0.29,0.00,0,0,0.1013,8,12
15.30,132.32,6840,8200,3,0.29,0.00,0,0,0.1020,8,12
15.40,132.46,6846,8200,3,0.28,0.00,0,0,0.1027,8,12
15.50,132.58,6851,8200,3,0.28,0.00,0,0,0.1033,8,12
15.60,132.68,6855,8200,3,0.27,0.00,0,0,0.1040,8,12
15.70,132.75,6858,8200,3,0.27,0.00,0,0,0.1047,8,12
15.80,132.80,6861,8200,3,0.26,0.00,0,0,0.1053,8,12
15.90,132.84,6862,8200,3,0.26,0.00,0,0,0.1060,8,12
16.00,132.85,6863,8200,3,0.25,0.00,0,0,0.1067,8,12
16.10,132.84,6862,8200,3,0.25,0.00,0,0,0.1073,8,12
16.20,132.82,6861,8200,3,0.25,0.00,0,0,0.1080,8,12
16.30,132.79,6860,8200,3,0.24,0.00,0,0,0.1087,8,12
16.40,132.74,6858,8200,3,0.24,0.00,0,0,0.1093,8,12
16.50,132.68,6855,8200,3,0.24,0.00,0,0,0.1100,8,12
16.60,132.61,6852,8200,3,0.23,0.00,0,0,0.1107,8,12
16.70,132.52,6849,8200,3,0.23,0.00,0,0,0.1113,8,12
16.80,132.44,6845,8200,3,0.23,0.00,0,0,0.1120,8,12
16.90,132.34,6841,8200,3,0.23,0.00,0,0,0.1127,8,12
17.00,132.25,6837,8200,3,0.23,0.00,0,0,0.1133,8,12
17.10,132.15,6832,8200,3,0.23,0.00,0,0,0.1140,8,12
17.20,132.05,6828,8200,3,0.23,0.00,0,0,0.1147,8,12
17.30,131.95,6824,8200,3,0.23,0.00,0,0,0.1153,8,12
17.40,131.85,6820,8200,3,0.23,0.00,0,0,0.1160,8,12
17.50,131.76,6816,8200,3,0.23,0.00,0,0,0.1167,8,12
17.60,131.68,6812,8200,3,0.23,0.00,0,0,0.1173,8,12
17.70,131.60,6809,8200,3,0.23,0.00,0,0,0.1180,8,12
17.80,131.53,6806,8200,3,0.23,0.00,0,0,0.1187,8,12
17.90,131.47,6803,8200,3,0.24,0.00,0,0,0.1193,8,12
18.00,131.42,6801,8200,3,0.24,0.00,0,0,0.1200,8,12
18.10,131.39,6800,8200,3,0.24,0.00,0,0,0.1207,8,12
18.20,131.38,6799,8200,3,0.25,0.00,0,0,0.1213,8,12
18.30,131.38,6799,8200,3,0.25,0.00,0,0,0.1220,8,12
18.40,131.39,6800,8200,3,0.25,0.00,0,0,0.1227,8,12
18.50,131.43,6802,8200,3,0.26,0.00,0,0,0.1233,8,12
18.60,131.49,6804,8200,3,0.26,0.00,0,0,0.1240,8,12
18.70,131.57,6808,8200,3,0.27,0.00,0,0,0.1247,8,12
18.80,131.67,6812,8200,3,0.27,0.00,0,0,0.1253,8,12
18.90,131.80,6817,8200,3,0.28,0.00,0,0,0.1260,8,12
19.00,131.95,6824,8200,3,0.28,0.00,0,0,0.1267,8,12
19.10,132.13,6832,8200,3,0.29,0.00,0,0,0.1273,8,12
19.20,132.33,6840,8200,3,0.29,0.00,0,0,0.1280,8,12
19.30,132.57,6850,8200,3,0.30,0.00,0,0,0.1287,8,12
19.40,132.83,6861,8200,3,0.31,0.00,0,0,0.1293,8,12
19.50,133.11,6874,8200,3,0.31,0.00,0,0,0.1300,8,12
19.60,133.43,6888,8200,3,0.32,0.00,0,0,0.1307,8,12
19.70,133.78,6902,8200,3,0.33,0.00,0,0,0.1313,8,12
19.80,134.16,6919,8200,3,0.33,0.00,0,0,0.1320,8,12
19.90,134.56,6936,8200,3,0.34,0.00,0,0,0.1327,8,12
20.00,135.00,5857,8200,4,0.35,0.00,0,0,0.1333,6,12
20.10,135.47,5873,8200,4,0.35,0.00,0,0,0.1340,6,12
20.20,135.97,5890,8200,4,0.36,0.00,0,0,0.1347,6,12
20.30,136.49,5909,8200,4,0.37,0.00,0,0,0.1353,6,12
20.40,137.05,5928,8200,4,0.37,0.00,0,0,0.1360,6,12
20.50,137.64,5949,8200,4,0.38,0.00,0,0,0.1367,6,12
20.60,138.25,5970,8200,4,0.39,0.00,0,0,0.1373,6,12
20.70,138.90,5993,8200,4,0.39,0.00,0,0,0.1380,6,12
20.80,139.57,6016,8200,4,0.40,0.00,0,0,0.1387,6,12
20.90,140.27,6041,8200,4,0.40,0.00,0,0,0.1393,6,12
21.00,141.00,6066,8200,4,0.41,0.00,0,0,0.1400,6,12
21.10,141.75,6092,8200,4,0.42,0.00,0,0,0.1407,6,12
21.20,142.53,6119,8200,4,0.42,0.00,0,0,0.1413,6,12
21.30,143.33,6147,8200,4,0.43,0.00,0,0,0.1420,6,12
21.40,144.15,6176,8200,4,0.43,0.00,0,0,0.1427,6,12
21.50,145.00,6205,8200,4,0.44,0.00,0,0,0.1433,6,12
21.60,145.86,6235,8200,4,0.44,0.00,0,0,0.1440,6,12
21.70,146.75,6266,8200,4,0.44,0.00,0,0,0.1447,6,12
21.80,147.65,6298,8200,4,0.45,0.00,0,0,0.1453,6,12
21.90,148.57,6330,8200,4,0.45,0.00,0,0,0.1460,6,12
22.00,149.50,6362,8200,4,0.46,0.00,0,0,0.1467,6,12
22.10,150.45,6395,8200,4,0.46,0.00,0,0,0.1473,6,12
22.20,151.41,6429,8200,4,0.46,0.00,0,0,0.1480,6,12
22.30,152.38,6463,8200,4,0.46,0.00,0,0,0.1487,6,12
22.40,153.36,6497,8200,4,0.47,0.00,0,0,0.1493,6,12
22.50,154.35,6531,8200,4,0.47,0.00,0,0,0.1500,6,12
22.60,155.34,6566,8200,4,0.47,0.00,0,0,0.1507,6,12
22.70,156.34,6601,8200,4,0.47,0.00,0,0,0.1513,6,12
22.80,157.34,6636,8200,4,0.47,0.00,0,0,0.1520,6,12
22.90,158.34,6670,8200,4,0.47,0.00,0,0,0.1527,6,12
23.00,159.34,6705,8200,4,0.47,0.00,0,0,0.1533,6,12
23.10,160.33,6740,8200,4,0.47,0.00,0,0,0.1540,6,12
23.20,161.32,6775,8200,4,0.47,0.00,0,0,0.1547,6,12
23.30,162.31,6809,8200,4,0.47,0.00,0,0,0.1553,6,12
23.40,163.29,6843,8200,4,0.47,0.00,0,0,0.1560,6,12
23.50,164.26,6877,8200,4,0.46,0.00,0,0,0.1567,6,12
23.60,165.22,6910,8200,4,0.46,0.00,0,0,0.1573,6,12
23.70,166.17,6943,8200,4,0.46,0.00,0,0,0.1580,6,12
23.80,167.10,6976,8200,4,0.46,0.00,0,0,0.1587,6,12
23.90,168.02,7008,8200,4,0.45,0.00,0,0,0.1593,6,12
24.00,168.92,7039,8200,4,0.45,0.00,0,0,0.1600,6,12
24.10,169.80,7070,8200,4,0.44,0.00,0,0,0.1607,6,12
24.20,170.67,6270,8200,5,0.44,0.00,0,0,0.1613,6,12
24.30,171.51,6295,8200,5,0.44,0.00,0,0,0.1620,6,12
24.40,172.34,6320,8200,5,0.43,0.00,0,0,0.1627,6,12
24.50,173.14,6344,8200,5,0.43,0.00,0,0,0.1633,6,12
24.60,173.91,6367,8200,5,0.42,0.00,0,0,0.1640,6,12
24.70,174.66,6390,8200,5,0.42,0.00,0,0,0.1647,6,12
24.80,175.39,6412,8200,5,0.41,0.00,0,0,0.1653,6,12
24.90,176.09,6433,8200,5,0.40,0.00,0,0,0.1660,6,12
25.00,176.76,6453,8200,5,0.40,0.00,0,0,0.1667,6,12
25.10,177.40,6472,8200,5,0.39,0.00,0,0,0.1673,6,12
25.20,178.02,6491,8200,5,0.39,0.00,0,0,0.1680,6,12
25.30,178.60,6508,8200,5,0.38,0.00,0,0,0.1687,6,12
25.40,179.16,6525,8200,5,0.37,0.00,0,0,0.1693,6,12
25.50,179.69,6541,8200,5,0.37,0.00,0,0,0.1700,6,12
25.60,180.18,6556,8200,5,0.36,0.00,0,0,0.1707,6,12
25.70,180.65,6569,8200,5,0.35,0.00,0,0,0.1713,6,12
25.80,181.09,6583,8200,5,0.35,0.00,0,0,0.1720,6,12
25.90,181.49,6595,8200,5,0.34,0.00,0,0,0.1727,6,12
26.00,181.87,6606,8200,5,0.33,0.00,0,0,0.1733,6,12
26.10,182.21,6616,8200,5,0.33,0.00,0,0,0.1740,6,12
26.20,182.53,6626,8200,5,0.32,0.00,0,0,0.1747,6,12
26.30,182.82,6635,8200,5,0.31,0.00,0,0,0.1753,6,12
26.40,183.08,6642,8200,5,0.31,0.00,0,0,0.1760,6,12
26.50,183.31,6649,8200,5,0.30,0.00,0,0,0.1767,6,12
26.60,183.51,6655,8200,5,0.29,0.00,0,0,0.1773,6,12
26.70,183.69,6661,8200,5,0.29,0.00,0,0,0.1780,6,12
26.80,183.84,6665,8200,5,0.28,0.00,0,0,0.1787,6,12
26.90,183.96,6669,8200,5,0.28,0.00,0,0,0.1793,6,12
27.00,184.07,6672,8200,5,0.27,0.00,0,0,0.1800,6,12
27.10,184.14,6674,8200,5,0.27,0.00,0,0,0.1807,6,12
27.20,184.20,6676,8200,5,0.26,0.00,0,0,0.1813,6,12
27.30,184.24,6677,8200,5,0.26,0.00,0,0,0.1820,6,12
27.40,184.26,6678,8200,5,0.25,0.00,0,0,0.1827,6,12
27.50,184.26,6678,8200,5,0.25,0.00,0,0,0.1833,6,12
27.60,184.24,6677,8200,5,0.25,0.00,0,0,0.1840,6,12
27.70,184.21,6676,8200,5,0.24,0.00,0,0,0.1847,6,12
27.80,184.16,6675,8200,5,0.24,0.00,0,0,0.1853,6,12
27.90,184.10,6673,8200,5,0.24,0.00,0,0,0.1860,6,12
28.00,184.03,6671,8200,5,0.23,0.00,0,0,0.1867,6,12
28.10,183.95,6669,8200,5,0.23,0.00,0,0,0.1873,6,12
28.20,183.87,6666,8200,5,0.23,0.00,0,0,0.1880,6,12
28.30,183.77,6663,8200,5,0.23,0.00,0,0,0.1887,6,12
28.40,183.68,6660,8200,5,0.23,0.00,0,0,0.1893,6,12
28.50,183.58,6657,8200,5,0.23,0.00,0,0,0.1900,6,12
28.60,183.48,6654,8200,5,0.23,0.00,0,0,0.1907,6,12
28.70,183.38,6651,8200,5,0.23,0.00,0,0,0.1913,6,12
28.80,183.28,6649,8200,5,0.23,0.00,0,0,0.1920,6,12
28.90,183.19,6646,8200,5,0.23,0.00,0,0,0.1927,6,12
29.00,183.10,6643,8200,5,0.23,0.00,0,0,0.1933,6,12
29.10,183.02,6641,8200,5,0.23,0.00,0,0,0.1940,6,12
29.20,182.95,6639,8200,5,0.23,0.00,0,0,0.1947,6,12
29.30,182.89,6637,8200,5,0.24,0.00,0,0,0.1953,6,12
29.40,182.84,6635,8200,5,0.24,0.00,0,0,0.1960,6,12
29.50,182.81,6634,8200,5,0.24,0.00,0,0,0.1967,6,12
29.60,182.79,6634,8200,5,0.25,0.00,0,0,0.1973,6,12
29.70,182.78,6633,8200,5,0.25,0.00,0,0,0.1980,6,12
29.80,182.80,6634,8200,5,0.25,0.00,0,0,0.1987,6,12
29.90,182.83,6635,8200,5,0.26,0.00,0,0,0.1993,6,12
30.00,182.88,6636,8200,5,0.26,0.00,0,0,0.2000,6,12
30.10,182.96,6639,8200,5,0.27,0.00,0,0,0.2007,6,12
30.20,183.05,6642,8200,5,0.27,0.00,0,0,0.2013,6,12
30.30,183.18,6645,8200,5,0.28,0.00,0,0,0.2020,6,12
30.40,183.32,6650,8200,5,0.28,0.00,0,0,0.2027,6,12
30.50,183.49,6655,8200,5,0.29,0.00,0,0,0.2033,6,12
30.60,183.69,6661,8200,5,0.29,0.00,0,0,0.2040,6,12
30.70,183.92,6667,8200,5,0.30,0.00,0,0,0.2047,6,12
30.80,184.17,6675,8200,5,0.31,0.00,0,0,0.2053,6,12
30.90,184.45,6683,8200,5,0.31,0.00,0,0,0.2060,6,12
31.00,184.76,6693,8200,5,0.32,0.00,0,0,0.2067,6,12
31.10,185.10,6703,8200,5,0.32,0.00,1,0,0.2073,6,12
31.20,185.47,6714,8200,5,0.33,0.00,1,0,0.2080,6,12
31.30,185.87,6726,8200,5,0.34,0.00,1,0,0.2087,6,12
31.40,186.30,6739,8200,5,0.34,0.00,1,0,0.2093,6,12
31.50,186.76,6753,8200,5,0.35,0.00,1,0,0.2100,6,12
31.60,187.25,6768,8200,5,0.36,0.00,1,0,0.2107,6,12
31.70,187.77,6783,8200,5,0.36,0.00,1,0,0.2113,6,12
31.80,188.32,6800,8200,5,0.37,0.00,1,0,0.2120,6,12
31.90,188.90,6817,8200,5,0.38,0.00,1,0,0.2127,6,12
32.00,208.87,7416,8200,5,1.00,0.00,1,0,0.2133,6,12
32.10,208.54,7406,8200,5,0.00,0.00,1,0,0.2140,6,12
32.20,208.15,7394,8200,5,0.00,0.00,1,0,0.2147,6,12
32.30,207.69,7381,8200,5,0.00,0.00,1,0,0.2153,6,12
32.40,207.15,7364,8200,5,0.00,0.00,1,0,0.2160,6,12
32.50,206.53,7346,8200,5,0.00,0.00,1,0,0.2167,6,12
32.60,205.83,7325,8200,5,0.00,0.08,1,0,0.2173,6,12
32.70,205.05,7301,8200,5,0.00,0.09,1,0,0.2180,6,12
32.80,204.18,7275,8200,5,0.00,0.10,1,0,0.2187,6,12
32.90,203.22,7247,8200,5,0.00,0.11,1,0,0.2193,6,12
33.00,202.18,7215,8200,5,0.00,0.11,1,0,0.2200,6,12
33.10,201.05,7182,8200,5,0.00,0.12,1,0,0.2207,6,12
33.20,199.85,7146,8200,5,0.00,0.13,1,0,0.2213,6,12
33.30,198.58,7107,8200,5,0.00,0.14,1,0,0.2220,6,12
33.40,197.24,7067,8200,5,0.00,0.15,1,0,0.2227,6,12
33.50,195.84,7025,8200,5,0.00,0.15,1,0,0.2233,6,12
33.60,194.38,6982,8200,5,0.00,0.16,1,0,0.2240,6,12
33.70,192.89,6937,8200,5,0.00,0.16,1,0,0.2247,6,12
33.80,191.36,6891,8200,5,0.00,0.17,1,0,0.2253,6,12
33.90,189.81,6844,8200,5,0.00,0.17,1,0,0.2260,6,12
34.00,188.24,6797,8200,5,0.00,0.17,1,0,0.2267,6,12
34.10,186.67,6750,8200,5,0.00,0.17,1,0,0.2273,6,12
34.20,185.11,6703,8200,5,0.00,0.17,1,0,0.2280,6,12
34.30,183.57,6657,8200,5,0.00,0.17,1,0,0.2287,6,12
34.40,182.05,6611,8200,5,0.00,0.17,1,0,0.2293,6,12
34.50,180.57,6567,8200,5,0.00,0.16,1,0,0.2300,6,12
34.60,179.13,6524,8200,5,0.00,0.16,1,0,0.2307,6,12
34.70,177.75,6482,8200,5,0.00,0.15,1,0,0.2313,6,12
34.80,176.43,6443,8200,5,0.00,0.15,1,0,0.2320,6,12
34.90,175.18,6405,8200,5,0.00,0.14,1,0,0.2327,6,12
35.00,174.00,6370,8200,5,0.00,0.13,1,0,0.2333,6,12
35.10,172.90,6337,8200,5,0.00,0.12,1,0,0.2340,6,12
35.20,171.89,6307,8200,5,0.00,0.11,1,0,0.2347,6,12
35.30,170.96,6279,8200,5,0.00,0.10,1,0,0.2353,6,12
35.40,170.11,6253,8200,5,0.00,0.09,1,0,0.2360,6,12
35.50,169.36,6231,8200,5,0.00,0.08,1,0,0.2367,6,12
35.60,168.68,6210,8200,5,0.00,0.00,1,0,0.2373,6,12
35.70,168.09,6193,8200,5,0.00,0.00,1,0,0.2380,6,12
35.80,167.58,6177,8200,5,0.00,0.00,1,0,0.2387,6,12
35.90,167.14,6164,8200,5,0.00,0.00,1,0,0.2393,6,12
36.00,166.77,6153,8200,5,0.00,0.00,0,0,0.2400,6,12
36.10,166.46,6144,8200,5,0.00,0.00,0,0,0.2407,6,12
36.20,166.20,6136,8200,5,0.00,0.00,0,0,0.2413,6,12
36.30,165.99,6130,8200,5,0.00,0.00,0,0,0.2420,6,12
36.40,165.81,6124,8200,5,0.21,0.00,0,0,0.2427,6,12
36.50,165.66,6120,8200,5,0.22,0.00,0,0,0.2433,6,12
36.60,165.53,6116,8200,5,0.22,0.00,0,0,0.2440,6,12
36.70,165.40,6112,8200,5,0.22,0.00,0,0,0.2447,6,12
36.80,165.26,6108,8200,5,0.22,0.00,0,0,0.2453,6,12
36.90,165.11,6103,8200,5,0.22,0.00,0,0,0.2460,6,12
37.00,164.93,6098,8200,5,0.21,0.00,0,0,0.2467,6,12
37.10,164.72,6092,8200,5,0.00,0.00,0,0,0.2473,6,12
37.20,164.47,6084,8200,5,0.00,0.00,0,0,0.2480,6,12
37.30,164.16,6075,8200,5,0.00,0.00,0,0,0.2487,6,12
37.40,163.79,6064,8200,5,0.00,0.00,0,0,0.2493,6,12
37.50,163.36,6051,8200,5,0.00,0.00,0,0,0.2500,6,12
37.60,162.85,6035,8200,5,0.00,0.00,0,0,0.2507,6,12
37.70,162.26,6018,8200,5,0.00,0.00,0,0,0.2513,6,12
37.80,161.59,5998,8200,5,0.00,0.00,0,0,0.2520,6,12
37.90,160.83,5975,8200,5,0.00,0.08,0,0,0.2527,6,12
38.00,159.99,5950,8200,5,0.00,0.09,0,0,0.2533,6,12
38.10,159.07,5922,8200,5,0.00,0.10,0,0,0.2540,6,12
38.20,158.05,5892,8200,5,0.00,0.11,0,0,0.2547,6,12
38.30,156.96,5859,8200,5,0.00,0.12,0,0,0.2553,6,12
38.40,155.79,5824,8200,5,0.00,0.13,0,0,0.2560,6,12
38.50,154.54,5786,8200,5,0.00,0.14,0,0,0.2567,6,12
38.60,153.22,5747,8200,5,0.00,0.14,0,0,0.2573,6,12
38.70,151.84,5705,8200,5,0.00,0.15,0,0,0.2580,6,12
38.80,150.41,5662,8200,5,0.00,0.16,0,0,0.2587,6,12
38.90,148.93,5618,8200,5,0.00,0.16,0,0,0.2593,6,12
39.00,147.41,5572,8200,5,0.00,0.17,0,0,0.2600,6,12
39.10,145.86,5526,8200,5,0.00,0.17,0,0,0.2607,6,12
39.20,144.30,5479,8200,5,0.00,0.17,0,0,0.2613,6,12
39.30,142.73,5432,8200,5,0.00,0.17,0,0,0.2620,6,12
39.40,141.17,5385,8200,5,0.00,0.17,0,0,0.2627,6,12
39.50,139.61,6018,8200,4,0.00,0.17,0,0,0.2633,6,12
39.60,138.09,5964,8200,4,0.00,0.17,0,0,0.2640,6,12
39.70,136.59,5912,8200,4,0.00,0.16,0,0,0.2647,6,12
39.80,135.14,5861,8200,4,0.00,0.16,0,0,0.2653,6,12
39.90,133.73,5813,8200,4,0.00,0.15,0,0,0.2660,6,12
40.00,132.39,5766,8200,4,0.00,0.15,0,0,0.2667,6,12
40.10,131.11,5721,8200,4,0.00,0.14,0,0,0.2673,6,12
40.20,129.91,5679,8200,4,0.00,0.13,0,0,0.2680,6,12
40.30,128.78,5640,8200,4,0.00,0.12,0,0,0.2687,6,12
40.40,127.74,5604,8200,4,0.00,0.11,0,0,0.2693,6,12
40.50,126.78,5570,8200,4,0.00,0.11,0,0,0.2700,6,12
40.60,125.90,5540,8200,4,0.00,0.10,0,0,0.2707,6,12
40.70,125.11,5512,8200,4,0.00,0.09,0,0,0.2713,6,12
40.80,124.41,5488,8200,4,0.00,0.08,0,0,0.2720,6,12
40.90,123.79,5466,8200,4,0.00,0.00,0,0,0.2727,6,12
41.00,123.25,5447,8200,4,0.00,0.00,0,0,0.2733,6,12
41.10,122.79,5431,8200,4,0.00,0.00,0,0,0.2740,6,12
41.20,122.39,5417,8200,4,0.00,0.00,0,0,0.2747,6,12
41.30,122.06,5406,8200,4,0.00,0.00,0,0,0.2753,6,12
41.40,121.78,5396,8200,4,0.00,0.00,0,0,0.2760,6,12
41.50,121.56,5388,8200,4,0.00,0.00,0,0,0.2767,6,12
41.60,121.37,5381,8200,4,0.21,0.00,0,0,0.2773,6,12
41.70,121.21,5376,8200,4,0.21,0.00,0,0,0.2780,6,12
41.80,121.07,5371,8200,4,0.22,0.00,0,0,0.2787,6,12
41.90,120.94,5366,8200,4,0.22,0.00,0,0,0.2793,6,12
42.00,120.80,5362,8200,4,0.22,0.00,0,0,0.2800,6,12
42.10,120.66,5357,8200,4,0.22,0.00,0,0,0.2807,6,12
42.20,120.49,5351,8200,4,0.21,0.00,0,0,0.2813,6,12
42.30,120.30,5344,8200,4,0.21,0.00,0,0,0.2820,6,12
42.40,120.06,5336,8200,4,0.00,0.00,0,0,0.2827,6,12
42.50,119.77,5326,8200,4,0.00,0.00,0,0,0.2833,6,12
42.60,119.43,5314,8200,4,0.00,0.00,0,0,0.2840,6,12
42.70,119.01,5299,8200,4,0.00,0.00,0,0,0.2847,6,12
42.80,118.53,5283,8200,4,0.00,0.00,0,0,0.2853,6,12
42.90,117.97,5263,8200,4,0.00,0.00,0,0,0.2860,6,12
43.00,117.33,5241,8200,4,0.00,0.00,0,0,0.2867,6,12
43.10,116.61,5216,8200,4,0.00,0.08,0,0,0.2873,6,12
43.20,115.80,5187,8200,4,0.00,0.09,0,0,0.2880,6,12
43.30,114.90,5156,8200,4,0.00,0.10,0,0,0.2887,6,12
43.40,113.92,5122,8200,4,0.00,0.11,0,0,0.2893,6,12
43.50,112.86,5085,8200,4,0.00,0.12,0,0,0.2900,6,12
43.60,111.71,5045,8200,4,0.00,0.13,0,0,0.2907,6,12
43.70,110.49,5002,8200,4,0.00,0.13,0,0,0.2913,6,12
43.80,109.20,4957,8200,4,0.00,0.14,0,0,0.2920,6,12
43.90,107.84,4910,8200,4,0.00,0.15,0,0,0.2927,6,12
44.00,106.42,4860,8200,4,0.00,0.16,0,0,0.2933,6,12
44.10,104.96,4809,8200,4,0.00,0.16,0,0,0.2940,6,12
44.20,103.45,4757,8200,4,0.00,0.17,0,0,0.2947,6,12
44.30,101.92,4703,8200,4,0.00,0.17,0,0,0.2953,6,12
44.40,100.36,4649,8200,4,0.00,0.17,0,0,0.2960,6,12
44.50,98.79,5398,8200,3,0.00,0.17,0,0,0.2967,6,12
44.60,97.22,5331,8200,3,0.00,0.17,0,0,0.2973,6,12
44.70,95.67,5264,8200,3,0.00,0.17,0,0,0.2980,6,12
44.80,94.13,5197,8200,3,0.00,0.17,0,0,0.2987,6,12
44.90,92.62,5133,8200,3,0.00,0.17,0,0,0.2993,6,12
45.00,103.83,5615,8200,3,1.00,0.00,0,0,0.3000,6,12
45.10,104.48,5642,8200,3,0.39,0.00,0,0,0.3007,6,12
45.20,105.10,5669,8200,3,0.39,0.00,0,0,0.3013,6,12
45.30,105.70,5695,8200,3,0.38,0.00,0,0,0.3020,6,12
45.40,106.28,5720,8200,3,0.38,0.00,0,0,0.3027,6,12
45.50,106.83,5744,8200,3,0.37,0.00,0,0,0.3033,6,12
45.60,107.36,5767,8200,3,0.37,0.00,0,0,0.3040,6,12
45.70,107.86,5788,8200,3,0.36,0.00,0,0,0.3047,6,12
45.80,108.34,5809,8200,3,0.36,0.00,0,0,0.3053,6,12
45.90,108.80,5828,8200,3,0.35,0.00,0,0,0.3060,6,12
46.00,109.23,5847,8200,3,0.35,0.00,0,0,0.3067,4,12
46.10,109.64,5865,8200,3,0.34,0.00,0,0,0.3073,4,12
46.20,110.03,5881,8200,3,0.33,0.00,0,0,0.3080,4,12
46.30,110.39,5897,8200,3,0.33,0.00,0,0,0.3087,4,12
46.40,110.73,5912,8200,3,0.33,0.00,0,0,0.3093,4,12
46.50,111.05,5925,8200,3,0.32,0.00,0,0,0.3100,4,12
46.60,111.35,5938,8200,3,0.32,0.00,0,0,0.3107,4,12
46.70,111.63,5950,8200,3,0.31,0.00,0,0,0.3113,4,12
46.80,111.89,5961,8200,3,0.31,0.00,0,0,0.3120,4,12
46.90,112.13,5971,8200,3,0.30,0.00,0,0,0.3127,4,12
47.00,112.34,5981,8200,3,0.30,0.00,0,0,0.3133,4,12
47.10,112.55,5989,8200,3,0.29,0.00,0,0,0.3140,4,12
47.20,112.73,5997,8200,3,0.29,0.00,0,0,0.3147,4,12
47.30,112.90,6005,8200,3,0.29,0.00,0,0,0.3153,4,12
47.40,113.05,6011,8200,3,0.28,0.00,0,0,0.3160,4,12
47.50,113.18,6017,8200,3,0.28,0.00,0,0,0.3167,4,12
47.60,113.31,6022,8200,3,0.28,0.00,0,0,0.3173,4,12
47.70,113.42,6027,8200,3,0.27,0.00,0,0,0.3180,4,12
47.80,113.51,6031,8200,3,0.27,0.00,0,0,0.3187,4,12
47.90,113.60,6035,8200,3,0.27,0.00,0,0,0.3193,4,12
48.00,113.68,6038,8200,3,0.27,0.00,0,0,0.3200,4,12
48.10,113.74,6041,8200,3,0.26,0.00,0,0,0.3207,4,12
48.20,113.80,6043,8200,3,0.26,0.00,0,0,0.3213,4,12
48.30,113.85,6046,8200,3,0.26,0.00,0,0,0.3220,4,12
48.40,113.89,6047,8200,3,0.26,0.00,0,0,0.3227,4,12
48.50,113.93,6049,8200,3,0.26,0.00,0,0,0.3233,4,12
48.60,113.97,6051,8200,3,0.26,0.00,0,0,0.3240,4,12
48.70,114.00,6052,8200,3,0.26,0.00,0,0,0.3247,4,12
48.80,114.03,6053,8200,3,0.26,0.00,0,0,0.3253,4,12
48.90,114.06,6055,8200,3,0.26,0.00,0,0,0.3260,4,12
49.00,114.09,6056,8200,3,0.26,0.00,0,0,0.3267,4,12
49.10,114.13,6057,8200,3,0.26,0.00,0,0,0.3273,4,12
49.20,114.16,6059,8200,3,0.26,0.00,0,0,0.3280,4,12
49.30,114.20,6061,8200,3,0.26,0.00,0,0,0.3287,4,12
49.40,114.24,6062,8200,3,0.26,0.00,0,0,0.3293,4,12
49.50,114.29,6064,8200,3,0.26,0.00,0,0,0.3300,4,12
49.60,114.34,6067,8200,3,0.26,0.00,0,0,0.3307,4,12
49.70,114.41,6070,8200,3,0.26,0.00,0,0,0.3313,4,12
49.80,114.48,6073,8200,3,0.27,0.00,0,0,0.3320,4,12
49.90,114.56,6076,8200,3,0.27,0.00,0,0,0.3327,4,12
50.00,114.65,6080,8200,3,0.27,0.00,0,0,0.3333,4,12
50.10,114.76,6085,8200,3,0.27,0.00,0,0,0.3340,4,12
50.20,114.88,6090,8200,3,0.28,0.00,0,0,0.3347,4,12
50.30,115.01,6095,8200,3,0.28,0.00,0,0,0.3353,4,12
50.40,115.15,6102,8200,3,0.28,0.00,0,0,0.3360,4,12
50.50,115.31,6108,8200,3,0.29,0.00,0,0,0.3367,4,12
50.60,115.49,6116,8200,3,0.29,0.00,0,0,0.3373,4,12
50.70,115.68,6124,8200,3,0.29,0.00,0,0,0.3380,4,12
50.80,115.90,6134,8200,3,0.30,0.00,0,0,0.3387,4,12
50.90,116.13,6143,8200,3,0.30,0.00,0,0,0.3393,4,12
51.00,116.38,6154,8200,3,0.30,0.00,0,0,0.3400,4,12
51.10,116.65,6166,8200,3,0.31,0.00,0,0,0.3407,4,12
51.20,116.94,6178,8200,3,0.31,0.00,0,0,0.3413,4,12
51.30,117.25,6192,8200,3,0.32,0.00,0,0,0.3420,4,12
51.40,117.58,6206,8200,3,0.32,0.00,0,0,0.3427,4,12
51.50,117.94,6221,8200,3,0.33,0.00,0,0,0.3433,4,12
51.60,118.31,6238,8200,3,0.33,0.00,0,0,0.3440,4,12
51.70,118.72,6255,8200,3,0.34,0.00,0,0,0.3447,4,12
51.80,119.14,6273,8200,3,0.34,0.00,0,0,0.3453,4,12
51.90,119.59,6292,8200,3,0.35,0.00,0,0,0.3460,4,12
52.00,120.06,6312,8200,3,0.35,0.00,0,0,0.3467,4,12
52.10,120.55,6334,8200,3,0.36,0.00,0,0,0.3473,4,12
52.20,121.07,6356,8200,3,0.36,0.00,0,0,0.3480,4,12
52.30,121.61,6379,8200,3,0.37,0.00,0,0,0.3487,4,12
52.40,122.18,6404,8200,3,0.37,0.00,0,0,0.3493,4,12
52.50,122.77,6429,8200,3,0.38,0.00,0,0,0.3500,4,12
52.60,123.39,6456,8200,3,0.39,0.00,0,0,0.3507,4,12
52.70,124.03,6483,8200,3,0.39,0.00,0,0,0.3513,4,12
52.80,124.69,6512,8200,3,0.40,0.00,0,0,0.3520,4,12
52.90,125.38,6541,8200,3,0.40,0.00,0,0,0.3527,4,12
53.00,126.09,6572,8200,3,0.41,0.00,0,0,0.3533,4,12
53.10,126.83,6604,8200,3,0.41,0.00,0,0,0.3540,4,12
53.20,127.59,6636,8200,3,0.42,0.00,0,0,0.3547,4,12
53.30,128.37,6670,8200,3,0.42,0.00,0,0,0.3553,4,12
53.40,129.17,6704,8200,3,0.43,0.00,0,0,0.3560,4,12
53.50,130.00,6740,8200,3,0.43,0.00,0,0,0.3567,4,12
53.60,130.84,6776,8200,3,0.44,0.00,0,0,0.3573,4,12
53.70,131.71,6813,8200,3,0.44,0.00,0,0,0.3580,4,12
53.80,132.59,6851,8200,3,0.44,0.00,0,0,0.3587,4,12
53.90,133.50,6890,8200,3,0.45,0.00,0,0,0.3593,4,12
54.00,134.42,6930,8200,3,0.45,0.00,0,0,0.3600,4,12
54.10,135.36,5869,8200,4,0.46,0.00,0,0,0.3607,4,12
54.20,136.32,5903,8200,4,0.46,0.00,0,0,0.3613,4,12
54.30,137.30,5937,8200,4,0.46,0.00,0,0,0.3620,4,12
54.40,138.29,5972,8200,4,0.47,0.00,0,0,0.3627,4,12
54.50,139.30,6007,8200,4,0.47,0.00,0,0,0.3633,4,12
54.60,140.32,6042,8200,4,0.47,0.00,0,0,0.3640,4,12
54.70,141.35,6078,8200,4,0.48,0.00,0,0,0.3647,4,12
54.80,142.40,6115,8200,4,0.48,0.00,0,0,0.3653,4,12
54.90,143.45,6151,8200,4,0.48,0.00,0,0,0.3660,4,12
55.00,144.52,6189,8200,4,0.48,0.00,0,0,0.3667,4,12
55.10,145.59,6226,8200,4,0.49,0.00,0,0,0.3673,4,12
55.20,146.68,6264,8200,4,0.49,0.00,0,0,0.3680,4,12
55.30,147.77,6302,8200,4,0.49,0.00,0,0,0.3687,4,12
55.40,148.86,6340,8200,4,0.49,0.00,0,0,0.3693,4,12
55.50,149.96,6379,8200,4,0.49,0.00,0,0,0.3700,4,12
55.60,151.07,6417,8200,4,0.49,0.00,0,0,0.3707,4,12
55.70,152.18,6456,8200,4,0.49,0.00,0,0,0.3713,4,12
55.80,153.29,6494,8200,4,0.49,0.00,0,0,0.3720,4,12
55.90,154.40,6533,8200,4,0.49,0.00,0,0,0.3727,4,12
56.00,155.51,6572,8200,4,0.49,0.00,0,0,0.3733,4,12
56.10,156.61,6610,8200,4,0.49,0.00,0,0,0.3740,4,12
56.20,157.72,6649,8200,4,0.49,0.00,0,0,0.3747,4,12
56.30,158.82,6687,8200,4,0.49,0.00,0,0,0.3753,4,12
56.40,159.92,6725,8200,4,0.49,0.00,0,0,0.3760,4,12
56.50,161.01,6764,8200,4,0.49,0.00,0,0,0.3767,4,12
56.60,162.09,6801,8200,4,0.49,0.00,0,0,0.3773,4,12
56.70,163.17,6839,8200,4,0.49,0.00,0,0,0.3780,4,12
56.80,164.23,6876,8200,4,0.48,0.00,0,0,0.3787,4,12
56.90,165.29,6913,8200,4,0.48,0.00,0,0,0.3793,4,12
57.00,166.33,6949,8200,4,0.48,0.00,0,0,0.3800,4,12
57.10,167.37,6985,8200,4,0.48,0.00,0,0,0.3807,4,12
57.20,168.39,7021,8200,4,0.47,0.00,0,0,0.3813,4,12
57.30,169.39,7056,8200,4,0.47,0.00,0,0,0.3820,4,12
57.40,170.39,6262,8200,5,0.47,0.00,0,0,0.3827,4,12
57.50,171.36,6291,8200,5,0.46,0.00,0,0,0.3833,4,12
57.60,172.32,6320,8200,5,0.46,0.00,0,0,0.3840,4,12
57.70,173.26,6348,8200,5,0.46,0.00,0,0,0.3847,4,12
57.80,174.19,6376,8200,5,0.45,0.00,0,0,0.3853,4,12
57.90,175.09,6403,8200,5,0.45,0.00,0,0,0.3860,4,12
58.00,175.98,6429,8200,5,0.45,0.00,0,0,0.3867,4,12
58.10,176.85,6455,8200,5,0.44,0.00,0,0,0.3873,4,12
58.20,177.69,6481,8200,5,0.44,0.00,0,0,0.3880,4,12
58.30,178.52,6506,8200,5,0.43,0.00,0,0,0.3887,4,12
58.40,179.32,6530,8200,5,0.43,0.00,0,0,0.3893,4,12
58.50,180.10,6553,8200,5,0.42,0.00,0,0,0.3900,4,12
58.60,180.86,6576,8200,5,0.42,0.00,0,0,0.3907,4,12
58.70,181.59,6598,8200,5,0.41,0.00,0,0,0.3913,4,12
58.80,182.31,6619,8200,5,0.41,0.00,0,0,0.3920,4,12
58.90,182.99,6640,8200,5,0.40,0.00,0,0,0.3927,4,12
59.00,183.66,6660,8200,5,0.40,0.00,0,0,0.3933,4,12
59.10,184.30,6679,8200,5,0.39,0.00,0,0,0.3940,4,12
59.20,184.92,6697,8200,5,0.39,0.00,0,0,0.3947,4,12
59.30,185.51,6715,8200,5,0.38,0.00,0,0,0.3953,4,12
59.40,186.08,6732,8200,5,0.37,0.00,0,0,0.3960,4,12
59.50,186.62,6749,8200,5,0.37,0.00,0,0,0.3967,4,12
59.60,187.14,6764,8200,5,0.36,0.00,0,0,0.3973,4,12
59.70,187.63,6779,8200,5,0.36,0.00,0,0,0.3980,4,12
59.80,188.11,6793,8200,5,0.35,0.00,0,0,0.3987,4,12
59.90,188.55,6807,8200,5,0.35,0.00,0,0,0.3993,4,12
60.00,188.98,6819,8200,5,0.34,0.00,0,0,0.4000,4,12
60.10,189.38,6831,8200,5,0.34,0.00,0,0,0.4007,4,12
60.20,189.75,6843,8200,5,0.33,0.00,0,0,0.4013,4,12
60.30,190.11,6853,8200,5,0.33,0.00,0,0,0.4020,4,12
60.40,190.44,6863,8200,5,0.32,0.00,0,0,0.4027,4,12
60.50,190.76,6873,8200,5,0.32,0.00,0,0,0.4033,4,12
60.60,191.05,6881,8200,5,0.31,0.00,0,0,0.4040,4,12
60.70,191.32,6889,8200,5,0.31,0.00,0,0,0.4047,4,12
60.80,191.57,6897,8200,5,0.31,0.00,0,0,0.4053,4,12
60.90,191.80,6904,8200,5,0.30,0.00,0,0,0.4060,4,12
61.00,192.01,6910,8200,5,0.30,0.00,0,0,0.4067,4,12
61.10,192.20,6916,8200,5,0.29,0.00,0,0,0.4073,4,12
61.20,192.38,6921,8200,5,0.29,0.00,0,0,0.4080,4,12
61.30,192.54,6926,8200,5,0.29,0.00,0,0,0.4087,4,12
61.40,192.69,6931,8200,5,0.28,0.00,0,0,0.4093,4,12
61.50,192.82,6935,8200,5,0.28,0.00,0,0,0.4100,4,12
61.60,192.94,6938,8200,5,0.28,0.00,0,0,0.4107,4,12
61.70,193.04,6941,8200,5,0.27,0.00,0,0,0.4113,4,12
61.80,193.13,6944,8200,5,0.27,0.00,0,0,0.4120,4,12
61.90,193.22,6946,8200,5,0.27,0.00,0,0,0.4127,4,12
62.00,193.29,6949,8200,5,0.27,0.00,0,0,0.4133,4,12
62.10,193.35,6951,8200,5,0.26,0.00,0,0,0.4140,4,12
62.20,193.41,6952,8200,5,0.26,0.00,0,0,0.4147,4,12
62.30,193.45,6954,8200,5,0.26,0.00,0,0,0.4153,4,12
62.40,193.50,6955,8200,5,0.26,0.00,0,0,0.4160,4,12
62.50,193.54,6956,8200,5,0.26,0.00,0,0,0.4167,4,12
62.60,193.57,6957,8200,5,0.26,0.00,0,0,0.4173,4,12
62.70,193.60,6958,8200,5,0.26,0.00,0,0,0.4180,4,12
62.80,193.63,6959,8200,5,0.26,0.00,0,0,0.4187,4,12
62.90,193.66,6960,8200,5,0.26,0.00,0,0,0.4193,4,12
63.00,193.69,6961,8200,5,0.26,0.00,0,0,0.4200,4,12
63.10,193.73,6962,8200,5,0.26,0.00,0,0,0.4207,4,12
63.20,193.76,6963,8200,5,0.26,0.00,0,0,0.4213,4,12
63.30,193.80,6964,8200,5,0.26,0.00,0,0,0.4220,4,12
63.40,193.85,6965,8200,5,0.26,0.00,0,0,0.4227,4,12
63.50,193.90,6967,8200,5,0.26,0.00,0,0,0.4233,4,12
63.60,193.95,6969,8200,5,0.26,0.00,0,0,0.4240,4,12
63.70,194.02,6971,8200,5,0.26,0.00,0,0,0.4247,4,12
63.80,194.10,6973,8200,5,0.27,0.00,0,0,0.4253,4,12
63.90,194.18,6975,8200,5,0.27,0.00,0,0,0.4260,4,12
64.00,194.28,6978,8200,5,0.27,0.00,0,0,0.4267,4,12
64.10,194.39,6982,8200,5,0.27,0.00,0,0,0.4273,4,12
64.20,194.51,6985,8200,5,0.28,0.00,0,0,0.4280,4,12
64.30,194.65,6989,8200,5,0.28,0.00,0,0,0.4287,4,12
64.40,194.80,6994,8200,5,0.28,0.00,0,0,0.4293,4,12
64.50,194.96,6999,8200,5,0.29,0.00,0,0,0.4300,4,12
64.60,195.15,7004,8200,5,0.29,0.00,0,0,0.4307,4,12
64.70,195.35,7010,8200,5,0.29,0.00,0,0,0.4313,4,12
64.80,195.57,7017,8200,5,0.30,0.00,0,0,0.4320,4,12
64.90,195.81,7024,8200,5,0.30,0.00,0,0,0.4327,4,12
65.00,196.06,7032,8200,5,0.31,0.00,0,0,0.4333,4,12
65.10,196.34,7040,8200,5,0.31,0.00,0,0,0.4340,4,12
65.20,196.64,7049,8200,5,0.32,0.00,0,0,0.4347,4,12
65.30,196.96,7059,8200,5,0.32,0.00,0,0,0.4353,4,12
65.40,197.30,7069,8200,5,0.33,0.00,0,0,0.4360,4,12
65.50,197.66,7080,8200,5,0.33,0.00,0,0,0.4367,4,12
65.60,198.05,7091,8200,5,0.33,0.00,0,0,0.4373,4,12
65.70,198.46,7104,8200,5,0.34,0.00,0,0,0.4380,4,12
65.80,198.89,7117,8200,5,0.35,0.00,0,0,0.4387,4,12
65.90,199.35,7130,8200,5,0.35,0.00,0,0,0.4393,4,12
66.00,220.58,6957,8200,6,1.00,0.00,0,0,0.4400,4,12
66.10,219.12,6919,8200,6,0.00,0.16,0,0,0.4407,4,12
66.20,217.65,6880,8200,6,0.00,0.16,0,0,0.4413,4,12
66.30,216.17,6841,8200,6,0.00,0.16,0,0,0.4420,4,12
66.40,214.69,6802,8200,6,0.00,0.16,0,0,0.4427,4,12
66.50,213.22,6763,8200,6,0.00,0.16,0,0,0.4433,4,12
66.60,211.76,6725,8200,6,0.00,0.16,0,0,0.4440,4,12
66.70,210.31,6687,8200,6,0.00,0.16,0,0,0.4447,4,12
66.80,208.89,6649,8200,6,0.00,0.16,0,0,0.4453,4,12
66.90,207.50,6613,8200,6,0.00,0.15,0,0,0.4460,4,12
67.00,206.15,6577,8200,6,0.00,0.15,0,0,0.4467,4,12
67.10,204.83,6543,8200,6,0.00,0.14,0,0,0.4473,4,12
67.20,203.57,6509,8200,6,0.00,0.14,0,0,0.4480,4,12
67.30,202.35,6477,8200,6,0.00,0.13,0,0,0.4487,4,12
67.40,201.20,6447,8200,6,0.00,0.13,0,0,0.4493,4,12
67.50,200.10,6418,8200,6,0.00,0.12,0,0,0.4500,4,12
67.60,199.07,6391,8200,6,0.00,0.11,0,0,0.4507,4,12
67.70,198.10,6365,8200,6,0.00,0.11,0,0,0.4513,4,12
67.80,197.20,6342,8200,6,0.00,0.10,0,0,0.4520,4,12
67.90,196.37,6320,8200,6,0.00,0.09,0,0,0.4527,4,12
68.00,195.62,6300,8200,6,0.00,0.08,0,0,0.4533,4,12
68.10,194.93,6282,8200,6,0.00,0.00,0,0,0.4540,4,12
68.20,194.32,6266,8200,6,0.00,0.00,0,0,0.4547,4,12
68.30,193.79,6252,8200,6,0.00,0.00,0,0,0.4553,4,12
68.40,193.32,6239,8200,6,0.00,0.00,0,0,0.4560,4,12
68.50,192.92,6229,8200,6,0.00,0.00,0,0,0.4567,4,12
68.60,192.59,6220,8200,6,0.00,0.00,0,0,0.4573,4,12
68.70,192.33,6213,8200,6,0.00,0.00,0,0,0.4580,4,12
68.80,192.12,6208,8200,6,0.00,0.00,0,0,0.4587,4,12
68.90,191.98,6204,8200,6,0.22,0.00,0,0,0.4593,4,12
69.00,191.89,6202,8200,6,0.23,0.00,0,0,0.4600,4,12
69.10,191.84,6201,8200,6,0.24,0.00,0,0,0.4607,4,12
69.20,191.84,6201,8200,6,0.25,0.00,0,0,0.4613,4,12
69.30,191.88,6202,8200,6,0.26,0.00,0,0,0.4620,4,12
69.40,191.95,6203,8200,6,0.27,0.00,0,0,0.4627,4,12
69.50,192.05,6206,8200,6,0.27,0.00,0,0,0.4633,4,12
69.60,192.16,6209,8200,6,0.28,0.00,0,0,0.4640,4,12
69.70,192.29,6212,8200,6,0.28,0.00,0,0,0.4647,4,12
69.80,192.43,6216,8200,6,0.28,0.00,0,0,0.4653,4,12
69.90,192.57,6220,8200,6,0.28,0.00,0,0,0.4660,4,12
70.00,192.71,6223,8200,6,0.28,0.00,0,0,0.4667,4,12
70.10,192.83,6226,8200,6,0.28,0.00,0,0,0.4673,4,12
70.20,192.93,6229,8200,6,0.27,0.00,0,0,0.4680,4,12
70.30,193.01,6231,8200,6,0.27,0.00,0,0,0.4687,4,12
70.40,193.06,6232,8200,6,0.26,0.00,0,0,0.4693,4,12
70.50,193.07,6233,8200,6,0.25,0.00,0,0,0.4700,4,12
70.60,193.03,6232,8200,6,0.24,0.00,0,0,0.4707,4,12
70.70,192.95,6230,8200,6,0.23,0.00,0,0,0.4713,4,12
70.80,192.82,6226,8200,6,0.22,0.00,0,0,0.4720,4,12
70.90,192.64,6221,8200,6,0.21,0.00,0,0,0.4727,4,12
71.00,192.39,6215,8200,6,0.00,0.00,0,0,0.4733,4,12
71.10,192.07,6207,8200,6,0.00,0.00,0,0,0.4740,4,12
71.20,191.70,6197,8200,6,0.00,0.00,0,0,0.4747,4,12
71.30,191.25,6185,8200,6,0.00,0.00,0,0,0.4753,4,12
71.40,190.73,6171,8200,6,0.00,0.00,0,0,0.4760,4,12
71.50,190.14,6156,8200,6,0.00,0.00,0,0,0.4767,4,12
71.60,189.47,6138,8200,6,0.00,0.00,0,0,0.4773,4,12
71.70,188.74,6119,8200,6,0.00,0.08,0,0,0.4780,4,12
71.80,187.93,6097,8200,6,0.00,0.09,0,0,0.4787,4,12
71.90,187.05,6074,8200,6,0.00,0.10,0,0,0.4793,4,12
72.00,186.10,6049,8200,6,0.00,0.10,0,0,0.4800,4,12
72.10,185.08,6023,8200,6,0.00,0.11,0,0,0.4807,4,12
72.20,184.00,5994,8200,6,0.00,0.12,0,0,0.4813,4,12
72.30,182.86,5964,8200,6,0.00,0.13,0,0,0.4820,4,12
72.40,181.66,5932,8200,6,0.00,0.13,0,0,0.4827,4,12
72.50,180.41,5900,8200,6,0.00,0.14,0,0,0.4833,4,12
72.60,179.11,6523,8200,5,0.00,0.14,0,0,0.4840,4,12
72.70,177.76,6483,8200,5,0.00,0.15,0,0,0.4847,4,12
72.80,176.38,6441,8200,5,0.00,0.15,0,0,0.4853,4,12
72.90,174.97,6399,8200,5,0.00,0.16,0,0,0.4860,4,12
73.00,173.53,6356,8200,5,0.00,0.16,0,0,0.4867,4,12
73.10,172.07,6312,8200,5,0.00,0.16,0,0,0.4873,4,12
73.20,170.60,6268,8200,5,0.00,0.16,0,0,0.4880,4,12
73.30,169.12,6224,8200,5,0.00,0.16,0,0,0.4887,4,12
73.40,167.64,6179,8200,5,0.00,0.16,0,0,0.4893,4,12
73.50,166.17,6135,8200,5,0.00,0.16,0,0,0.4900,4,12
73.60,164.71,6091,8200,5,0.00,0.16,0,0,0.4907,4,12
73.70,163.27,6048,8200,5,0.00,0.16,0,0,0.4913,4,12
73.80,161.85,6006,8200,5,0.00,0.16,0,0,0.4920,4,12
73.90,160.47,5964,8200,5,0.00,0.15,0,0,0.4927,4,12
74.00,159.12,5924,8200,5,0.00,0.15,0,0,0.4933,4,12
74.10,157.82,5885,8200,5,0.00,0.14,0,0,0.4940,4,12
74.20,156.56,5847,8200,5,0.00,0.14,0,0,0.4947,4,12
74.30,155.36,5811,8200,5,0.00,0.13,0,0,0.4953,4,12
74.40,154.21,5776,8200,5,0.00,0.13,0,0,0.4960,4,12
74.50,153.13,5744,8200,5,0.00,0.12,0,0,0.4967,4,12
74.60,152.11,5713,8200,5,0.00,0.11,0,0,0.4973,4,12
74.70,151.15,5685,8200,5,0.00,0.11,0,0,0.4980,4,12
74.80,150.27,5658,8200,5,0.00,0.10,0,0,0.4987,4,12
74.90,149.45,5634,8200,5,0.00,0.09,0,0,0.4993,4,12
75.00,148.71,5611,8200,5,0.00,0.08,0,0,0.5000,4,12
75.10,148.04,5591,8200,5,0.00,0.00,0,0,0.5007,4,12
75.20,147.44,5573,8200,5,0.00,0.00,0,0,0.5013,4,12
75.30,146.92,5558,8200,5,0.00,0.00,0,0,0.5020,4,12
75.40,146.46,5544,8200,5,0.00,0.00,0,0,0.5027,4,12
75.50,146.08,5532,8200,5,0.00,0.00,0,0,0.5033,4,12
75.60,145.76,5523,8200,5,0.00,0.00,0,0,0.5040,4,12
75.70,145.51,5515,8200,5,0.00,0.00,0,0,0.5047,4,12
75.80,145.32,5510,8200,5,0.21,0.00,0,0,0.5053,4,12
75.90,145.18,5505,8200,5,0.22,0.00,0,0,0.5060,4,12
76.00,145.10,5503,8200,5,0.23,0.00,0,0,0.5067,4,12
76.10,145.06,5502,8200,5,0.24,0.00,0,0,0.5073,4,12
76.20,145.07,5502,8200,5,0.25,0.00,0,0,0.5080,4,12
76.30,145.12,5503,8200,5,0.26,0.00,0,0,0.5087,4,12
76.40,145.19,5506,8200,5,0.27,0.00,0,0,0.5093,4,12
76.50,145.29,5509,8200,5,0.27,0.00,0,0,0.5100,4,12
76.60,145.41,5512,8200,5,0.28,0.00,0,0,0.5107,4,12
76.70,145.55,5516,8200,5,0.28,0.00,0,0,0.5113,4,12
76.80,145.68,5521,8200,5,0.28,0.00,0,0,0.5120,4,12
76.90,145.82,5525,8200,5,0.28,0.00,0,0,0.5127,4,12
77.00,145.96,5529,8200,5,0.28,0.00,0,0,0.5133,4,12
77.10,146.07,5532,8200,5,0.28,0.00,0,0,0.5140,4,12
77.20,146.17,5535,8200,5,0.27,0.00,0,0,0.5147,4,12
77.30,146.24,5537,8200,5,0.27,0.00,0,0,0.5153,4,12
77.40,146.29,5539,8200,5,0.26,0.00,0,0,0.5160,4,12
77.50,146.29,5539,8200,5,0.25,0.00,0,0,0.5167,4,12
77.60,146.25,5537,8200,5,0.24,0.00,0,0,0.5173,4,12
77.70,146.16,5535,8200,5,0.23,0.00,0,0,0.5180,4,12
77.80,146.02,5531,8200,5,0.22,0.00,0,0,0.5187,4,12
77.90,145.82,5525,8200,5,0.21,0.00,0,0,0.5193,4,12
78.00,145.56,5517,8200,5,0.00,0.00,0,0,0.5200,2,12
78.10,145.23,5507,8200,5,0.00,0.00,0,0,0.5207,2,12
78.20,144.84,5495,8200,5,0.00,0.00,0,0,0.5213,2,12
78.30,144.38,5481,8200,5,0.00,0.00,0,0,0.5220,2,12
78.40,143.85,5465,8200,5,0.00,0.00,0,0,0.5227,2,12
78.50,143.24,5447,8200,5,0.00,0.00,0,0,0.5233,2,12
78.60,142.57,5427,8200,5,0.00,0.00,0,0,0.5240,2,12
78.70,141.82,5404,8200,5,0.00,0.08,0,0,0.5247,2,12
78.80,140.99,5380,8200,5,0.00,0.09,0,0,0.5253,2,12
78.90,140.10,5353,8200,5,0.00,0.10,0,0,0.5260,2,12
79.00,139.14,6001,8200,4,0.00,0.11,0,0,0.5267,2,12
79.10,138.11,5965,8200,4,0.00,0.11,0,0,0.5273,2,12
79.20,137.02,5927,8200,4,0.00,0.12,0,0,0.5280,2,12
79.30,135.86,5887,8200,4,0.00,0.13,0,0,0.5287,2,12
79.40,134.66,5845,8200,4,0.00,0.13,0,0,0.5293,2,12
79.50,133.39,5801,8200,4,0.00,0.14,0,0,0.5300,2,12
79.60,132.08,5755,8200,4,0.00,0.14,0,0,0.5307,2,12
79.70,130.73,5708,8200,4,0.00,0.15,0,0,0.5313,2,12
79.80,129.35,5660,8200,4,0.00,0.15,0,0,0.5320,2,12
79.90,127.93,5610,8200,4,0.00,0.16,0,0,0.5327,2,12
80.00,126.48,5560,8200,4,0.00,0.16,0,0,0.5333,2,12
80.10,125.02,5509,8200,4,0.00,0.16,0,0,0.5340,2,12
80.20,123.55,5458,8200,4,0.00,0.16,0,0,0.5347,2,12
80.30,122.07,5406,8200,4,0.00,0.16,0,0,0.5353,2,12
80.40,120.59,5354,8200,4,0.00,0.16,0,0,0.5360,2,12
80.50,119.12,5303,8200,4,0.00,0.16,0,0,0.5367,2,12
80.60,117.66,5252,8200,4,0.00,0.16,0,0,0.5373,2,12
80.70,116.23,5202,8200,4,0.00,0.16,0,0,0.5380,2,12
80.80,114.82,5153,8200,4,0.00,0.16,0,0,0.5387,2,12
80.90,113.44,5105,8200,4,0.00,0.15,0,0,0.5393,2,12
81.00,112.10,5058,8200,4,0.00,0.15,0,0,0.5400,2,12
81.10,110.81,5013,8200,4,0.00,0.14,0,0,0.5407,2,12
81.20,109.56,4970,8200,4,0.00,0.14,0,0,0.5413,2,12
81.30,108.37,4928,8200,4,0.00,0.13,0,0,0.5420,2,12
81.40,107.23,4889,8200,4,0.00,0.12,0,0,0.5427,2,12
81.50,106.16,4851,8200,4,0.00,0.12,0,0,0.5433,2,12
81.60,105.15,4816,8200,4,0.00,0.11,0,0,0.5440,2,12
81.70,104.21,4783,8200,4,0.00,0.10,0,0,0.5447,2,12
81.80,103.33,4753,8200,4,0.00,0.10,0,0,0.5453,2,12
81.90,102.53,4725,8200,4,0.00,0.09,0,0,0.5460,2,12
82.00,105.81,4839,8200,4,0.97,0.00,0,0,0.5467,2,12
82.10,105.80,4839,8200,4,0.25,0.00,0,0,0.5473,2,12
82.20,105.81,4839,8200,4,0.25,0.00,0,0,0.5480,2,12
82.30,105.82,4839,8200,4,0.25,0.00,0,0,0.5487,2,12
82.40,105.84,4840,8200,4,0.25,0.00,0,0,0.5493,2,12
82.50,105.87,4841,8200,4,0.26,0.00,0,0,0.5500,2,12
82.60,105.91,4843,8200,4,0.26,0.00,0,0,0.5507,2,12
82.70,105.97,4845,8200,4,0.26,0.00,0,0,0.5513,2,12
82.80,106.03,4847,8200,4,0.26,0.00,0,0,0.5520,2,12
82.90,106.11,4849,8200,4,0.27,0.00,0,0,0.5527,2,12
83.00,106.20,4853,8200,4,0.27,0.00,0,0,0.5533,2,12
83.10,106.30,4856,8200,4,0.27,0.00,0,0,0.5540,2,12
83.20,106.41,4860,8200,4,0.28,0.00,0,0,0.5547,2,12
83.30,106.54,4865,8200,4,0.28,0.00,0,0,0.5553,2,12
83.40,106.69,4870,8200,4,0.28,0.00,0,0,0.5560,2,12
83.50,106.84,4875,8200,4,0.28,0.00,0,0,0.5567,2,12
83.60,107.02,4881,8200,4,0.29,0.00,0,0,0.5573,2,12
83.70,107.20,4888,8200,4,0.29,0.00,0,0,0.5580,2,12
83.80,107.41,4895,8200,4,0.29,0.00,0,0,0.5587,2,12
83.90,107.63,4902,8200,4,0.30,0.00,0,0,0.5593,2,12
84.00,107.86,4911,8200,4,0.30,0.00,0,0,0.5600,2,12
84.10,108.11,4919,8200,4,0.31,0.00,0,0,0.5607,2,12
84.20,108.38,4929,8200,4,0.31,0.00,0,0,0.5613,2,12
84.30,108.67,4939,8200,4,0.31,0.00,0,0,0.5620,2,12
84.40,108.97,4949,8200,4,0.32,0.00,0,0,0.5627,2,12
84.50,109.29,4961,8200,4,0.32,0.00,0,0,0.5633,2,12
84.60,109.63,4972,8200,4,0.32,0.00,0,0,0.5640,2,12
84.70,109.99,4985,8200,4,0.33,0.00,0,0,0.5647,2,12
84.80,110.36,4998,8200,4,0.33,0.00,0,0,0.5653,2,12
84.90,110.76,5012,8200,4,0.34,0.00,0,0,0.5660,2,12
85.00,111.17,5026,8200,4,0.34,0.00,0,0,0.5667,2,12
85.10,111.60,5041,8200,4,0.34,0.00,0,0,0.5673,2,12
85.20,112.04,5056,8200,4,0.35,0.00,0,0,0.5680,2,12
85.30,112.51,5073,8200,4,0.35,0.00,0,0,0.5687,2,12
85.40,113.00,5090,8200,4,0.36,0.00,0,0,0.5693,2,12
85.50,113.50,5107,8200,4,0.36,0.00,0,0,0.5700,2,12
85.60,114.02,5125,8200,4,0.36,0.00,0,0,0.5707,2,12
85.70,114.56,5144,8200,4,0.37,0.00,0,0,0.5713,2,12
85.80,115.12,5163,8200,4,0.37,0.00,0,0,0.5720,2,12
85.90,115.69,5184,8200,4,0.38,0.00,0,0,0.5727,2,12
86.00,116.28,5204,8200,4,0.38,0.00,0,0,0.5733,2,12
86.10,116.90,5226,8200,4,0.38,0.00,0,0,0.5740,2,12
86.20,117.52,5247,8200,4,0.39,0.00,0,0,0.5747,2,12
86.30,118.17,5270,8200,4,0.39,0.00,0,0,0.5753,2,12
86.40,118.83,5293,8200,4,0.40,0.00,0,0,0.5760,2,12
86.50,119.51,5317,8200,4,0.40,0.00,0,0,0.5767,2,12
86.60,120.21,5341,8200,4,0.40,0.00,0,0,0.5773,2,12
86.70,120.93,5366,8200,4,0.41,0.00,0,0,0.5780,2,12
86.80,121.65,5391,8200,4,0.41,0.00,0,0,0.5787,2,12
86.90,122.40,5417,8200,4,0.41,0.00,0,0,0.5793,2,12
87.00,123.16,5444,8200,4,0.42,0.00,0,0,0.5800,2,12
87.10,123.94,5471,8200,4,0.42,0.00,0,0,0.5807,2,12
87.20,124.73,5499,8200,4,0.42,0.00,0,0,0.5813,2,12
87.30,125.53,5527,8200,4,0.43,0.00,0,0,0.5820,2,12
87.40,126.35,5555,8200,4,0.43,0.00,0,0,0.5827,2,12
87.50,127.18,5584,8200,4,0.43,0.00,0,0,0.5833,2,12
87.60,128.03,5614,8200,4,0.44,0.00,0,0,0.5840,2,12
87.70,128.89,5644,8200,4,0.44,0.00,0,0,0.5847,2,12
87.80,129.76,5674,8200,4,0.44,0.00,0,0,0.5853,2,12
87.90,130.64,5705,8200,4,0.44,0.00,0,0,0.5860,2,12
88.00,131.53,5736,8200,4,0.45,0.00,0,0,0.5867,2,12
88.10,132.44,5767,8200,4,0.45,0.00,0,0,0.5873,2,12
88.20,133.35,5799,8200,4,0.45,0.00,0,0,0.5880,2,12
88.30,134.28,5831,8200,4,0.45,0.00,0,0,0.5887,2,12
88.40,135.21,5864,8200,4,0.46,0.00,0,0,0.5893,2,12
88.50,136.15,5897,8200,4,0.46,0.00,0,0,0.5900,2,12
88.60,137.10,5930,8200,4,0.46,0.00,0,0,0.5907,2,12
88.70,138.05,5963,8200,4,0.46,0.00,0,0,0.5913,2,12
88.80,139.02,5997,8200,4,0.46,0.00,0,0,0.5920,2,12
88.90,139.98,6031,8200,4,0.46,0.00,0,0,0.5927,2,12
89.00,140.96,6064,8200,4,0.46,0.00,0,0,0.5933,2,12
89.10,141.94,6099,8200,4,0.47,0.00,0,0,0.5940,2,12
89.20,142.92,6133,8200,4,0.47,0.00,0,0,0.5947,2,12
89.30,143.91,6167,8200,4,0.47,0.00,0,0,0.5953,2,12
89.40,144.90,6202,8200,4,0.47,0.00,0,0,0.5960,2,12
89.50,145.89,6236,8200,4,0.47,0.00,0,0,0.5967,2,12
89.60,146.88,6271,8200,4,0.47,0.00,0,0,0.5973,2,12
89.70,147.88,6306,8200,4,0.47,0.00,0,0,0.5980,2,12
89.80,148.87,6340,8200,4,0.47,0.00,0,0,0.5987,2,12
89.90,149.87,6375,8200,4,0.47,0.00,0,0,0.5993,2,12
90.00,150.86,6410,8200,4,0.47,0.00,0,0,0.6000,2,12
90.10,151.85,6444,8200,4,0.47,0.00,0,0,0.6007,2,12
90.20,152.84,6479,8200,4,0.47,0.00,0,0,0.6013,2,12
90.30,153.83,6513,8200,4,0.47,0.00,0,0,0.6020,2,12
90.40,154.81,6548,8200,4,0.47,0.00,0,0,0.6027,2,12
90.50,155.79,6582,8200,4,0.47,0.00,0,0,0.6033,2,12
90.60,156.77,6616,8200,4,0.46,0.00,0,0,0.6040,2,12
90.70,157.74,6649,8200,4,0.46,0.00,0,0,0.6047,2,12
90.80,158.70,6683,8200,4,0.46,0.00,0,0,0.6053,2,12
90.90,159.66,6716,8200,4,0.46,0.00,0,0,0.6060,2,12
91.00,160.61,6750,8200,4,0.46,0.00,0,0,0.6067,2,12
91.10,161.55,6782,8200,4,0.46,0.00,0,0,0.6073,2,12
91.20,162.48,6815,8200,4,0.46,0.00,0,0,0.6080,2,12
91.30,163.41,6847,8200,4,0.45,0.00,0,0,0.6087,2,12
91.40,164.33,6879,8200,4,0.45,0.00,0,0,0.6093,2,12
91.50,165.23,6911,8200,4,0.45,0.00,0,0,0.6100,2,12
91.60,166.13,6942,8200,4,0.45,0.00,0,0,0.6107,2,12
91.70,167.01,6973,8200,4,0.44,0.00,0,0,0.6113,2,12
91.80,167.88,7003,8200,4,0.44,0.00,0,0,0.6120,2,12
91.90,168.74,7033,8200,4,0.44,0.00,0,0,0.6127,2,12
92.00,169.59,7063,8200,4,0.44,0.00,0,0,0.6133,2,12
92.10,170.43,6263,8200,5,0.43,0.00,0,0,0.6140,2,12
92.20,171.25,6287,8200,5,0.43,0.00,0,0,0.6147,2,12
92.30,172.06,6312,8200,5,0.43,0.00,0,0,0.6153,2,12
92.40,172.85,6336,8200,5,0.42,0.00,0,0,0.6160,2,12
92.50,173.63,6359,8200,5,0.42,0.00,0,0,0.6167,2,12
92.60,174.39,6382,8200,5,0.42,0.00,0,0,0.6173,2,12
92.70,175.14,6404,8200,5,0.41,0.00,0,0,0.6180,2,12
92.80,175.88,6426,8200,5,0.41,0.00,0,0,0.6187,2,12
92.90,176.59,6448,8200,5,0.41,0.00,0,0,0.6193,2,12
93.00,177.29,6469,8200,5,0.40,0.00,0,0,0.6200,2,12
93.10,177.98,6489,8200,5,0.40,0.00,0,0,0.6207,2,12
93.20,178.64,6509,8200,5,0.40,0.00,0,0,0.6213,2,12
93.30,179.29,6529,8200,5,0.39,0.00,0,0,0.6220,2,12
93.40,179.92,6548,8200,5,0.39,0.00,0,0,0.6227,2,12
93.50,180.54,6566,8200,5,0.39,0.00,0,0,0.6233,2,12
93.60,181.14,6584,8200,5,0.38,0.00,0,0,0.6240,2,12
93.70,181.72,6601,8200,5,0.38,0.00,0,0,0.6247,2,12
93.80,182.28,6618,8200,5,0.37,0.00,0,0,0.6253,2,12
93.90,182.82,6635,8200,5,0.37,0.00,0,0,0.6260,2,12
94.00,183.34,6650,8200,5,0.37,0.00,0,0,0.6267,2,12
94.10,183.85,6665,8200,5,0.36,0.00,0,0,0.6273,2,12
94.20,184.34,6680,8200,5,0.36,0.00,0,0,0.6280,2,12
94.30,184.81,6694,8200,5,0.35,0.00,0,0,0.6287,2,12
94.40,185.26,6708,8200,5,0.35,0.00,0,0,0.6293,2,12
94.50,185.69,6721,8200,5,0.35,0.00,0,0,0.6300,2,12
94.60,186.11,6733,8200,5,0.34,0.00,0,0,0.6307,2,12
94.70,186.50,6745,8200,5,0.34,0.00,0,0,0.6313,2,12
94.80,186.88,6756,8200,5,0.33,0.00,0,0,0.6320,2,12
94.90,187.24,6767,8200,5,0.33,0.00,0,0,0.6327,2,12
95.00,187.58,6777,8200,5,0.33,0.00,0,0,0.6333,2,12
95.10,187.91,6787,8200,5,0.32,0.00,0,0,0.6340,2,12
95.20,188.21,6796,8200,5,0.32,0.00,0,0,0.6347,2,12
95.30,188.50,6805,8200,5,0.31,0.00,0,0,0.6353,2,12
95.40,188.78,6813,8200,5,0.31,0.00,0,0,0.6360,2,12
95.50,189.03,6821,8200,5,0.31,0.00,0,0,0.6367,2,12
95.60,189.27,6828,8200,5,0.30,0.00,0,0,0.6373,2,12
95.70,189.49,6835,8200,5,0.30,0.00,0,0,0.6380,2,12
95.80,189.70,6841,8200,5,0.30,0.00,0,0,0.6387,2,12
95.90,189.89,6847,8200,5,0.29,0.00,0,0,0.6393,2,12
96.00,190.07,6852,8200,5,0.29,0.00,0,0,0.6400,2,12
96.10,190.23,6857,8200,5,0.29,0.00,0,0,0.6407,2,12
96.20,190.37,6861,8200,5,0.28,0.00,0,0,0.6413,2,12
96.30,190.50,6865,8200,5,0.28,0.00,0,0,0.6420,2,12
96.40,190.62,6869,8200,5,0.28,0.00,0,0,0.6427,2,12
96.50,190.73,6872,8200,5,0.27,0.00,0,0,0.6433,2,12
96.60,190.82,6875,8200,5,0.27,0.00,0,0,0.6440,2,12
96.70,190.90,6877,8200,5,0.27,0.00,0,0,0.6447,2,12
96.80,190.96,6879,8200,5,0.26,0.00,0,0,0.6453,2,12
96.90,191.02,6881,8200,5,0.26,0.00,0,0,0.6460,2,12
97.00,191.06,6882,8200,5,0.26,0.00,0,0,0.6467,2,12
97.10,191.10,6883,8200,5,0.26,0.00,0,0,0.6473,2,12
97.20,191.12,6884,8200,5,0.26,0.00,0,0,0.6480,2,12
97.30,191.13,6884,8200,5,0.25,0.00,0,0,0.6487,2,12
97.40,191.14,6884,8200,5,0.25,0.00,0,0,0.6493,2,12
97.50,191.14,6884,8200,5,0.25,0.00,0,0,0.6500,2,12
97.60,191.13,6884,8200,5,0.25,0.00,0,0,0.6507,2,12
97.70,191.11,6883,8200,5,0.25,0.00,0,0,0.6513,2,12
97.80,191.09,6883,8200,5,0.24,0.00,0,0,0.6520,2,12
97.90,191.06,6882,8200,5,0.24,0.00,0,0,0.6527,2,12
98.00,191.02,6881,8200,5,0.24,0.00,0,0,0.6533,2,12
98.10,190.98,6879,8200,5,0.24,0.00,0,0,0.6540,2,12
98.20,190.94,6878,8200,5,0.24,0.00,0,0,0.6547,2,12
98.30,190.89,6877,8200,5,0.24,0.00,0,0,0.6553,2,12
98.40,190.84,6875,8200,5,0.24,0.00,0,0,0.6560,2,12
98.50,190.79,6874,8200,5,0.24,0.00,0,0,0.6567,2,12
98.60,190.73,6872,8200,5,0.24,0.00,0,0,0.6573,2,12
98.70,190.68,6870,8200,5,0.24,0.00,0,0,0.6580,2,12
98.80,190.62,6869,8200,5,0.24,0.00,0,0,0.6587,2,12
98.90,190.57,6867,8200,5,0.24,0.00,0,0,0.6593,2,12
99.00,190.51,6865,8200,5,0.24,0.00,0,0,0.6600,2,12
99.10,190.46,6864,8200,5,0.24,0.00,0,0,0.6607,2,12
99.20,190.41,6862,8200,5,0.24,0.00,0,0,0.6613,2,12
99.30,190.37,6861,8200,5,0.24,0.00,0,0,0.6620,2,12
99.40,190.32,6860,8200,5,0.24,0.00,0,0,0.6627,2,12
99.50,190.29,6859,8200,5,0.24,0.00,0,0,0.6633,2,12
99.60,190.25,6858,8200,5,0.24,0.00,0,0,0.6640,2,12
99.70,190.22,6857,8200,5,0.24,0.00,0,0,0.6647,2,12
99.80,190.20,6856,8200,5,0.25,0.00,0,0,0.6653,2,12
99.90,190.19,6856,8200,5,0.25,0.00,0,0,0.6660,2,12
100.00,190.18,6855,8200,5,0.25,0.00,0,0,0.6667,2,12
100.10,190.18,6855,8200,5,0.25,0.00,0,0,0.6673,2,12
100.20,190.18,6856,8200,5,0.25,0.00,0,0,0.6680,2,12
100.30,190.20,6856,8200,5,0.25,0.00,0,0,0.6687,2,12
100.40,190.23,6857,8200,5,0.26,0.00,0,0,0.6693,2,12
100.50,190.27,6858,8200,5,0.26,0.00,0,0,0.6700,2,12
100.60,190.31,6859,8200,5,0.26,0.00,0,0,0.6707,2,12
100.70,190.37,6861,8200,5,0.26,0.00,0,0,0.6713,2,12
100.80,190.44,6863,8200,5,0.27,0.00,0,0,0.6720,2,12
100.90,190.52,6866,8200,5,0.27,0.00,0,0,0.6727,2,12
101.00,190.62,6869,8200,5,0.27,0.00,0,0,0.6733,2,12
101.10,190.73,6872,8200,5,0.27,0.00,0,0,0.6740,2,12
101.20,190.85,6875,8200,5,0.28,0.00,0,0,0.6747,2,12
101.30,190.98,6880,8200,5,0.28,0.00,0,0,0.6753,2,12
101.40,191.13,6884,8200,5,0.28,0.00,0,0,0.6760,2,12
101.50,191.30,6889,8200,5,0.29,0.00,0,0,0.6767,2,12
101.60,191.48,6894,8200,5,0.29,0.00,0,0,0.6773,2,12
101.70,191.67,6900,8200,5,0.29,0.00,0,0,0.6780,2,12
101.80,191.88,6907,8200,5,0.30,0.00,0,0,0.6787,2,12
101.90,192.11,6913,8200,5,0.30,0.00,0,0,0.6793,2,12
102.00,192.35,6921,8200,5,0.30,0.00,0,0,0.6800,2,12
102.10,192.62,6928,8200,5,0.31,0.00,0,0,0.6807,2,12
102.20,192.89,6937,8200,5,0.31,0.00,0,0,0.6813,2,12
102.30,193.19,6946,8200,5,0.31,0.00,0,0,0.6820,2,12
102.40,193.50,6955,8200,5,0.32,0.00,0,0,0.6827,2,12
102.50,193.83,6965,8200,5,0.32,0.00,0,0,0.6833,2,12
102.60,194.18,6975,8200,5,0.33,0.00,0,0,0.6840,2,12
102.70,194.54,6986,8200,5,0.33,0.00,0,0,0.6847,2,12
102.80,194.92,6998,8200,5,0.33,0.00,0,0,0.6853,2,12
102.90,195.33,7010,8200,5,0.34,0.00,0,0,0.6860,2,12
103.00,195.75,7022,8200,5,0.34,0.00,0,0,0.6867,2,12
103.10,196.18,7036,8200,5,0.35,0.00,0,0,0.6873,2,12
103.20,196.64,7049,8200,5,0.35,0.00,0,0,0.6880,2,12
103.30,197.12,7063,8200,5,0.35,0.00,0,0,0.6887,2,12
103.40,197.61,7078,8200,5,0.36,0.00,0,0,0.6893,2,12
103.50,198.12,7094,8200,5,0.36,0.00,0,0,0.6900,2,12
103.60,198.65,7109,8200,5,0.37,0.00,0,0,0.6907,2,12
103.70,199.20,7126,8200,5,0.37,0.00,0,0,0.6913,2,12
103.80,199.76,7143,8200,5,0.37,0.00,0,0,0.6920,2,12
103.90,200.35,7160,8200,5,0.38,0.00,0,0,0.6927,2,12
104.00,200.95,7179,8200,5,0.38,0.00,0,0,0.6933,2,12
104.10,201.57,7197,8200,5,0.39,0.00,0,0,0.6940,2,12
104.20,202.21,7216,8200,5,0.39,0.00,0,0,0.6947,2,12
104.30,202.86,7236,8200,5,0.39,0.00,0,0,0.6953,2,12
104.40,203.53,7256,8200,5,0.40,0.00,0,0,0.6960,2,12
104.50,204.22,7277,8200,5,0.40,0.00,0,0,0.6967,2,12
104.60,204.93,7298,8200,5,0.41,0.00,0,0,0.6973,2,12
104.70,205.65,7319,8200,5,0.41,0.00,0,0,0.6980,2,12
104.80,206.39,7342,8200,5,0.41,0.00,0,0,0.6987,2,12
104.90,207.14,7364,8200,5,0.42,0.00,0,0,0.6993,2,12
105.00,227.33,7135,8200,6,1.00,0.00,0,0,0.7000,2,12
105.10,226.02,7100,8200,6,0.00,0.14,1,0,0.7007,2,12
105.20,224.65,7064,8200,6,0.00,0.15,1,0,0.7013,2,12
105.30,223.26,7028,8200,6,0.00,0.15,1,0,0.7020,2,12
105.40,221.82,6990,8200,6,0.00,0.16,1,0,0.7027,2,12
105.50,220.35,6951,8200,6,0.00,0.16,1,0,0.7033,2,12
105.60,218.86,6912,8200,6,0.00,0.16,1,0,0.7040,2,12
105.70,217.35,6872,8200,6,0.00,0.17,1,0,0.7047,2,12
105.80,215.82,6832,8200,6,0.00,0.17,1,0,0.7053,2,12
105.90,214.28,6791,8200,6,0.00,0.17,1,0,0.7060,2,12
106.00,212.73,6750,8200,6,0.00,0.17,1,0,0.7067,2,12
106.10,211.18,6710,8200,6,0.00,0.17,1,0,0.7073,2,12
106.20,209.63,6669,8200,6,0.00,0.17,1,0,0.7080,2,12
106.30,208.10,6628,8200,6,0.00,0.17,1,0,0.7087,2,12
106.40,206.57,6588,8200,6,0.00,0.17,1,0,0.7093,2,12
106.50,205.07,6549,8200,6,0.00,0.17,1,0,0.7100,2,12
106.60,203.59,6510,8200,6,0.00,0.16,1,0,0.7107,2,12
106.70,202.13,6471,8200,6,0.00,0.16,1,0,0.7113,2,12
106.80,200.71,6434,8200,6,0.00,0.16,1,0,0.7120,2,12
106.90,199.33,6398,8200,6,0.00,0.15,1,0,0.7127,2,12
107.00,197.99,6362,8200,6,0.00,0.15,1,0,0.7133,2,12
107.10,196.69,6328,8200,6,0.00,0.14,1,0,0.7140,2,12
107.20,195.44,6295,8200,6,0.00,0.14,1,0,0.7147,2,12
107.30,194.24,6264,8200,6,0.00,0.13,1,0,0.7153,2,12
107.40,193.10,6234,8200,6,0.00,0.13,1,0,0.7160,2,12
107.50,192.02,6205,8200,6,0.00,0.12,1,0,0.7167,2,12
107.60,190.99,6178,8200,6,0.00,0.11,1,0,0.7173,2,12
107.70,190.02,6153,8200,6,0.00,0.11,1,0,0.7180,2,12
107.80,189.12,6129,8200,6,0.00,0.10,1,0,0.7187,2,12
107.90,188.28,6107,8200,6,0.00,0.09,1,0,0.7193,2,12
108.00,187.50,6086,8200,6,0.00,0.09,1,0,0.7200,2,12
108.10,186.79,6067,8200,6,0.00,0.08,1,0,0.7207,2,12
108.20,186.14,6050,8200,6,0.00,0.00,1,0,0.7213,2,12
108.30,185.55,6035,8200,6,0.00,0.00,1,0,0.7220,2,12
108.40,185.03,6021,8200,6,0.00,0.00,1,0,0.7227,2,12
108.50,184.56,6009,8200,6,0.00,0.00,1,0,0.7233,2,12
108.60,184.16,5998,8200,6,0.00,0.00,1,0,0.7240,2,12
108.70,183.81,5989,8200,6,0.00,0.00,1,0,0.7247,2,12
108.80,183.52,5981,8200,6,0.00,0.00,1,0,0.7253,2,12
108.90,183.27,5975,8200,6,0.00,0.00,1,0,0.7260,2,12
109.00,183.08,5970,8200,6,0.21,0.00,1,0,0.7267,2,12
109.10,182.93,5966,8200,6,0.22,0.00,1,0,0.7273,2,12
109.20,182.82,5963,8200,6,0.23,0.00,1,0,0.7280,2,12
109.30,182.74,5961,8200,6,0.23,0.00,1,0,0.7287,2,12
109.40,182.70,5960,8200,6,0.24,0.00,1,0,0.7293,2,12
109.50,182.68,5959,8200,6,0.25,0.00,1,0,0.7300,2,12
109.60,182.69,5960,8200,6,0.25,0.00,1,0,0.7307,2,12
109.70,182.72,5960,8200,6,0.26,0.00,1,0,0.7313,2,12
109.80,182.76,5961,8200,6,0.26,0.00,1,0,0.7320,2,12
109.90,182.80,5963,8200,6,0.26,0.00,1,0,0.7327,2,12
110.00,182.85,5964,8200,6,0.26,0.00,1,0,0.7333,2,12
110.10,182.90,5965,8200,6,0.26,0.00,1,0,0.7340,2,12
110.20,182.94,5966,8200,6,0.26,0.00,1,0,0.7347,2,12
110.30,182.97,5967,8200,6,0.26,0.00,1,0,0.7353,2,12
110.40,182.98,5967,8200,6,0.25,0.00,1,0,0.7360,2,12
110.50,182.97,5967,8200,6,0.25,0.00,1,0,0.7367,2,12
110.60,182.93,5966,8200,6,0.24,0.00,1,0,0.7373,2,12
110.70,182.86,5964,8200,6,0.23,0.00,1,0,0.7380,2,12
110.80,182.75,5961,8200,6,0.23,0.00,1,0,0.7387,2,12
110.90,182.61,5957,8200,6,0.22,0.00,1,0,0.7393,2,12
111.00,182.42,5952,8200,6,0.21,0.00,0,0,0.7400,2,12
111.10,182.18,5946,8200,6,0.00,0.00,0,0,0.7407,2,12
111.20,181.89,5939,8200,6,0.00,0.00,0,0,0.7413,2,12
111.30,181.55,5930,8200,6,0.00,0.00,0,0,0.7420,2,12
111.40,181.15,5919,8200,6,0.00,0.00,0,0,0.7427,2,12
111.50,180.69,5907,8200,6,0.00,0.00,0,0,0.7433,2,12
111.60,180.18,5893,8200,6,0.00,0.00,0,0,0.7440,2,12
111.70,179.60,6538,8200,5,0.00,0.00,0,0,0.7447,2,12
111.80,178.95,6519,8200,5,0.00,0.00,0,0,0.7453,2,12
111.90,178.25,6497,8200,5,0.00,0.08,0,0,0.7460,2,12
112.00,177.48,6474,8200,5,0.00,0.08,0,0,0.7467,2,12
112.10,176.65,6449,8200,5,0.00,0.09,0,0,0.7473,2,12
112.20,175.75,6422,8200,5,0.00,0.10,0,0,0.7480,2,12
112.30,174.79,6394,8200,5,0.00,0.11,0,0,0.7487,2,12
112.40,173.77,6363,8200,5,0.00,0.11,0,0,0.7493,2,12
112.50,172.69,6331,8200,5,0.00,0.12,0,0,0.7500,2,12
112.60,171.55,6297,8200,5,0.00,0.13,0,0,0.7507,2,12
112.70,170.36,6261,8200,5,0.00,0.13,0,0,0.7513,2,12
112.80,169.12,6224,8200,5,0.00,0.14,0,0,0.7520,2,12
112.90,167.83,6185,8200,5,0.00,0.14,0,0,0.7527,2,12
113.00,166.49,6145,8200,5,0.00,0.15,0,0,0.7533,2,12
113.10,165.11,6103,8200,5,0.00,0.15,0,0,0.7540,2,12
113.20,163.69,6061,8200,5,0.00,0.16,0,0,0.7547,2,12
113.30,162.24,6017,8200,5,0.00,0.16,0,0,0.7553,2,12
113.40,160.77,5973,8200,5,0.00,0.16,0,0,0.7560,2,12
113.50,159.26,5928,8200,5,0.00,0.17,0,0,0.7567,2,12
113.60,157.74,5882,8200,5,0.00,0.17,0,0,0.7573,2,12
113.70,156.21,5836,8200,5,0.00,0.17,0,0,0.7580,2,12
113.80,154.66,5790,8200,5,0.00,0.17,0,0,0.7587,2,12
113.90,153.11,5743,8200,5,0.00,0.17,0,0,0.7593,2,12
114.00,151.56,5697,8200,5,0.00,0.17,0,0,0.7600,2,12
114.10,150.02,5651,8200,5,0.00,0.17,0,0,0.7607,2,12
114.20,148.49,5605,8200,5,0.00,0.17,0,0,0.7613,2,12
114.30,146.97,5559,8200,5,0.00,0.17,0,0,0.7620,2,12
114.40,145.48,5514,8200,5,0.00,0.16,0,0,0.7627,2,12
114.50,144.01,5470,8200,5,0.00,0.16,0,0,0.7633,2,12
114.60,142.57,5427,8200,5,0.00,0.16,0,0,0.7640,2,12
114.70,141.17,5385,8200,5,0.00,0.15,0,0,0.7647,2,12
114.80,139.80,6024,8200,4,0.00,0.15,0,0,0.7653,2,12
114.90,138.48,5978,8200,4,0.00,0.15,0,0,0.7660,2,12
115.00,137.21,5934,8200,4,0.00,0.14,0,0,0.7667,2,12
115.10,135.98,5891,8200,4,0.00,0.13,0,0,0.7673,2,12
115.20,134.81,5850,8200,4,0.00,0.13,0,0,0.7680,2,12
115.30,133.69,5811,8200,4,0.00,0.12,0,0,0.7687,2,12
115.40,132.63,5774,8200,4,0.00,0.12,0,0,0.7693,2,12
115.50,131.63,5739,8200,4,0.00,0.11,0,0,0.7700,2,12
115.60,130.69,5707,8200,4,0.00,0.10,0,0,0.7707,2,12
115.70,129.82,5676,8200,4,0.00,0.10,0,0,0.7713,2,12
115.80,129.01,5648,8200,4,0.00,0.09,0,0,0.7720,2,12
115.90,128.26,5622,8200,4,0.00,0.08,0,0,0.7727,2,12
116.00,127.58,5598,8200,4,0.00,0.00,0,0,0.7733,2,12
116.10,126.96,5576,8200,4,0.00,0.00,0,0,0.7740,2,12
116.20,126.40,5557,8200,4,0.00,0.00,0,0,0.7747,2,12
116.30,125.90,5540,8200,4,0.00,0.00,0,0,0.7753,2,12
116.40,125.47,5524,8200,4,0.00,0.00,0,0,0.7760,2,12
116.50,125.09,5511,8200,4,0.00,0.00,0,0,0.7767,2,12
116.60,124.76,5500,8200,4,0.00,0.00,0,0,0.7773,2,12
116.70,124.49,5490,8200,4,0.00,0.00,0,0,0.7780,2,12
116.80,124.27,5483,8200,4,0.00,0.00,0,0,0.7787,2,12
116.90,124.10,5477,8200,4,0.21,0.00,0,0,0.7793,2,12
117.00,123.97,5472,8200,4,0.22,0.00,0,0,0.7800,2,12
117.10,123.87,5469,8200,4,0.23,0.00,0,0,0.7807,2,12
117.20,123.81,5467,8200,4,0.24,0.00,0,0,0.7813,2,12
117.30,123.78,5466,8200,4,0.24,0.00,0,0,0.7820,2,12
117.40,123.78,5466,8200,4,0.25,0.00,0,0,0.7827,2,12
117.50,123.80,5466,8200,4,0.25,0.00,0,0,0.7833,2,12
117.60,123.83,5467,8200,4,0.26,0.00,0,0,0.7840,2,12
117.70,123.87,5469,8200,4,0.26,0.00,0,0,0.7847,2,12
117.80,123.92,5471,8200,4,0.26,0.00,0,0,0.7853,2,12
117.90,123.97,5472,8200,4,0.26,0.00,0,0,0.7860,2,12
118.00,124.02,5474,8200,4,0.26,0.00,0,0,0.7867,1,12
118.10,124.05,5475,8200,4,0.26,0.00,0,0,0.7873,1,12
118.20,124.07,5476,8200,4,0.25,0.00,0,0,0.7880,1,12
118.30,124.07,5476,8200,4,0.25,0.00,0,0,0.7887,1,12
118.40,124.05,5475,8200,4,0.24,0.00,0,0,0.7893,1,12
118.50,124.00,5473,8200,4,0.24,0.00,0,0,0.7900,1,12
118.60,123.91,5470,8200,4,0.23,0.00,0,0,0.7907,1,12
118.70,123.79,5466,8200,4,0.22,0.00,0,0,0.7913,1,12
118.80,123.62,5460,8200,4,0.21,0.00,0,0,0.7920,1,12
118.90,123.41,5453,8200,4,0.00,0.00,0,0,0.7927,1,12
119.00,123.15,5444,8200,4,0.00,0.00,0,0,0.7933,1,12
119.10,122.83,5433,8200,4,0.00,0.00,0,0,0.7940,1,12
119.20,122.47,5420,8200,4,0.00,0.00,0,0,0.7947,1,12
119.30,122.04,5405,8200,4,0.00,0.00,0,0,0.7953,1,12
119.40,121.56,5388,8200,4,0.00,0.00,0,0,0.7960,1,12
119.50,121.01,5369,8200,4,0.00,0.00,0,0,0.7967,1,12
119.60,120.40,5348,8200,4,0.00,0.00,0,0,0.7973,1,12
119.70,119.73,5324,8200,4,0.00,0.00,0,0,0.7980,1,12
119.80,119.00,5299,8200,4,0.00,0.08,0,0,0.7987,1,12
119.90,118.20,5271,8200,4,0.00,0.09,0,0,0.7993,1,12
120.00,117.34,5241,8200,4,0.00,0.09,0,0,0.8000,1,12
120.10,116.41,5209,8200,4,0.00,0.10,0,0,0.8007,1,12
120.20,115.42,5174,8200,4,0.00,0.11,0,0,0.8013,1,12
120.30,114.38,5138,8200,4,0.00,0.12,0,0,0.8020,1,12
120.40,113.27,5099,8200,4,0.00,0.12,0,0,0.8027,1,12
120.50,112.11,5059,8200,4,0.00,0.13,0,0,0.8033,1,12
120.60,110.89,5016,8200,4,0.00,0.13,0,0,0.8040,1,12
120.70,109.63,4972,8200,4,0.00,0.14,0,0,0.8047,1,12
120.80,108.31,4926,8200,4,0.00,0.14,0,0,0.8053,1,12
120.90,106.95,4879,8200,4,0.00,0.15,0,0,0.8060,1,12
121.00,105.56,4830,8200,4,0.00,0.15,0,0,0.8067,1,12
121.10,104.13,4780,8200,4,0.00,0.16,0,0,0.8073,1,12
121.20,102.66,4729,8200,4,0.00,0.16,0,0,0.8080,1,12
121.30,101.17,4677,8200,4,0.00,0.16,0,0,0.8087,1,12
121.40,99.66,5435,8200,3,0.00,0.17,0,0,0.8093,1,12
121.50,98.13,5370,8200,3,0.00,0.17,0,0,0.8100,1,12
121.60,96.59,5303,8200,3,0.00,0.17,0,0,0.8107,1,12
121.70,95.04,5237,8200,3,0.00,0.17,0,0,0.8113,1,12
121.80,93.49,5170,8200,3,0.00,0.17,0,0,0.8120,1,12
121.90,91.95,5104,8200,3,0.00,0.17,0,0,0.8127,1,12
122.00,98.00,5364,8200,3,1.00,0.00,0,0,0.8133,1,12
122.10,98.68,5393,8200,3,0.40,0.00,0,0,0.8140,1,12
122.20,99.36,5422,8200,3,0.40,0.00,0,0,0.8147,1,12
122.30,100.04,5452,8200,3,0.40,0.00,0,0,0.8153,1,12
122.40,100.72,5481,8200,3,0.40,0.00,0,0,0.8160,1,12
122.50,101.40,5510,8200,3,0.40,0.00,0,0,0.8167,1,12
122.60,102.08,5539,8200,3,0.40,0.00,0,0,0.8173,1,12
122.70,102.76,5569,8200,3,0.40,0.00,0,0,0.8180,1,12
122.80,103.44,5598,8200,3,0.40,0.00,0,0,0.8187,1,12
122.90,104.12,5627,8200,3,0.40,0.00,0,0,0.8193,1,12
123.00,104.80,5656,8200,3,0.40,0.00,0,0,0.8200,1,12
123.10,105.48,5686,8200,3,0.40,0.00,0,0,0.8207,1,12
123.20,106.16,5715,8200,3,0.40,0.00,0,0,0.8213,1,12
123.30,106.84,5744,8200,3,0.40,0.00,0,0,0.8220,1,12
123.40,107.52,5773,8200,3,0.40,0.00,0,0,0.8227,1,12
123.50,108.20,5803,8200,3,0.40,0.00,0,0,0.8233,1,12
123.60,108.88,5832,8200,3,0.40,0.00,0,0,0.8240,1,12
123.70,109.56,5861,8200,3,0.40,0.00,0,0,0.8247,1,12
123.80,110.24,5890,8200,3,0.40,0.00,0,0,0.8253,1,12
123.90,110.92,5920,8200,3,0.40,0.00,0,0,0.8260,1,12
124.00,111.60,5949,8200,3,0.40,0.00,0,0,0.8267,1,12
124.10,112.28,5978,8200,3,0.40,0.00,0,0,0.8273,1,12
124.20,112.96,6007,8200,3,0.40,0.00,0,0,0.8280,1,12
124.30,113.64,6037,8200,3,0.40,0.00,0,0,0.8287,1,12
124.40,114.32,6066,8200,3,0.40,0.00,0,0,0.8293,1,12
124.50,115.00,6095,8200,3,0.40,0.00,0,0,0.8300,1,12
124.60,115.68,6124,8200,3,0.40,0.00,0,0,0.8307,1,12
124.70,116.36,6153,8200,3,0.40,0.00,0,0,0.8313,1,12
124.80,117.04,6183,8200,3,0.40,0.00,0,0,0.8320,1,12
124.90,117.72,6212,8200,3,0.40,0.00,0,0,0.8327,1,12
125.00,118.40,6241,8200,3,0.40,0.00,0,0,0.8333,1,12
125.10,119.08,6270,8200,3,0.40,0.00,0,0,0.8340,1,12
125.20,119.76,6300,8200,3,0.40,0.00,0,0,0.8347,1,12
125.30,120.44,6329,8200,3,0.40,0.00,0,0,0.8353,1,12
125.40,121.12,6358,8200,3,0.40,0.00,0,0,0.8360,1,12
125.50,121.80,6387,8200,3,0.40,0.00,0,0,0.8367,1,12
125.60,122.48,6417,8200,3,0.40,0.00,0,0,0.8373,1,12
125.70,123.16,6446,8200,3,0.40,0.00,0,0,0.8380,1,12
125.80,123.84,6475,8200,3,0.40,0.00,0,0,0.8387,1,12
125.90,124.52,6504,8200,3,0.40,0.00,0,0,0.8393,1,12
126.00,125.20,6534,8200,3,0.40,0.00,0,0,0.8400,1,12
126.10,125.88,6563,8200,3,0.40,0.00,0,0,0.8407,1,12
126.20,126.56,6592,8200,3,0.40,0.00,0,0,0.8413,1,12
126.30,127.24,6621,8200,3,0.40,0.00,0,0,0.8420,1,12
126.40,127.92,6651,8200,3,0.40,0.00,0,0,0.8427,1,12
126.50,128.60,6680,8200,3,0.40,0.00,0,0,0.8433,1,12
126.60,129.28,6709,8200,3,0.40,0.00,0,0,0.8440,1,12
126.70,129.96,6738,8200,3,0.40,0.00,0,0,0.8447,1,12
126.80,130.64,6768,8200,3,0.40,0.00,0,0,0.8453,1,12
126.90,131.32,6797,8200,3,0.40,0.00,0,0,0.8460,1,12
127.00,132.00,6826,8200,3,0.40,0.00,0,0,0.8467,1,12
127.10,132.68,6855,8200,3,0.40,0.00,0,0,0.8473,1,12
127.20,133.36,6884,8200,3,0.40,0.00,0,0,0.8480,1,12
127.30,134.04,6914,8200,3,0.40,0.00,0,0,0.8487,1,12
127.40,134.72,6943,8200,3,0.40,0.00,0,0,0.8493,1,12
127.50,135.40,5871,8200,4,0.40,0.00,0,0,0.8500,1,12
127.60,136.08,5894,8200,4,0.40,0.00,0,0,0.8507,1,12
127.70,136.76,5918,8200,4,0.40,0.00,0,0,0.8513,1,12
127.80,137.44,5942,8200,4,0.40,0.00,0,0,0.8520,1,12
127.90,138.12,5966,8200,4,0.40,0.00,0,0,0.8527,1,12
128.00,138.80,5989,8200,4,0.40,0.00,0,0,0.8533,1,12
128.10,139.48,6013,8200,4,0.40,0.00,0,0,0.8540,1,12
128.20,140.16,6037,8200,4,0.40,0.00,0,0,0.8547,1,12
128.30,140.84,6060,8200,4,0.40,0.00,0,0,0.8553,1,12
128.40,141.52,6084,8200,4,0.40,0.00,0,0,0.8560,1,12
128.50,142.20,6108,8200,4,0.40,0.00,0,0,0.8567,1,12
128.60,142.88,6131,8200,4,0.40,0.00,0,0,0.8573,1,12
128.70,143.56,6155,8200,4,0.40,0.00,0,0,0.8580,1,12
128.80,144.24,6179,8200,4,0.40,0.00,0,0,0.8587,1,12
128.90,144.92,6203,8200,4,0.40,0.00,0,0,0.8593,1,12
129.00,145.60,6226,8200,4,0.40,0.00,0,0,0.8600,1,12
129.10,146.28,6250,8200,4,0.40,0.00,0,0,0.8607,1,12
129.20,146.96,6274,8200,4,0.40,0.00,0,0,0.8613,1,12
129.30,147.64,6297,8200,4,0.40,0.00,0,0,0.8620,1,12
129.40,148.32,6321,8200,4,0.40,0.00,0,0,0.8627,1,12
129.50,149.00,6345,8200,4,0.40,0.00,0,0,0.8633,1,12
129.60,149.68,6369,8200,4,0.40,0.00,0,0,0.8640,1,12
129.70,150.36,6392,8200,4,0.40,0.00,0,0,0.8647,1,12
129.80,151.04,6416,8200,4,0.40,0.00,0,0,0.8653,1,12
129.90,151.72,6440,8200,4,0.40,0.00,0,0,0.8660,1,12
130.00,152.40,6463,8200,4,0.40,0.00,0,0,0.8667,1,12
130.10,153.08,6487,8200,4,0.40,0.00,0,0,0.8673,1,12
130.20,153.76,6511,8200,4,0.40,0.00,0,0,0.8680,1,12
130.30,154.44,6535,8200,4,0.40,0.00,0,0,0.8687,1,12
130.40,155.12,6558,8200,4,0.40,0.00,0,0,0.8693,1,12
130.50,155.80,6582,8200,4,0.40,0.00,0,0,0.8700,1,12
130.60,156.48,6606,8200,4,0.40,0.00,0,0,0.8707,1,12
130.70,157.16,6629,8200,4,0.40,0.00,0,0,0.8713,1,12
130.80,157.84,6653,8200,4,0.40,0.00,0,0,0.8720,1,12
130.90,158.52,6677,8200,4,0.40,0.00,0,0,0.8727,1,12
131.00,159.20,6700,8200,4,0.40,0.00,0,0,0.8733,1,12
131.10,159.88,6724,8200,4,0.40,0.00,0,0,0.8740,1,12
131.20,160.56,6748,8200,4,0.40,0.00,0,0,0.8747,1,12
131.30,161.24,6772,8200,4,0.40,0.00,0,0,0.8753,1,12
131.40,161.92,6795,8200,4,0.40,0.00,0,0,0.8760,1,12
131.50,162.60,6819,8200,4,0.40,0.00,0,0,0.8767,1,12
131.60,163.28,6843,8200,4,0.40,0.00,0,0,0.8773,1,12
131.70,163.96,6866,8200,4,0.40,0.00,0,0,0.8780,1,12
131.80,164.64,6890,8200,4,0.40,0.00,0,0,0.8787,1,12
131.90,165.32,6914,8200,4,0.40,0.00,0,0,0.8793,1,12
132.00,166.00,6938,8200,4,0.40,0.00,0,0,0.8800,1,12
132.10,166.68,6961,8200,4,0.40,0.00,0,0,0.8807,1,12
132.20,167.36,6985,8200,4,0.40,0.00,0,0,0.8813,1,12
132.30,168.04,7009,8200,4,0.40,0.00,0,0,0.8820,1,12
132.40,168.72,7032,8200,4,0.40,0.00,0,0,0.8827,1,12
132.50,169.40,7056,8200,4,0.40,0.00,0,0,0.8833,1,12
132.60,170.08,6252,8200,5,0.40,0.00,0,0,0.8840,1,12
132.70,170.76,6273,8200,5,0.40,0.00,0,0,0.8847,1,12
132.80,171.44,6293,8200,5,0.40,0.00,0,0,0.8853,1,12
132.90,172.12,6314,8200,5,0.40,0.00,0,0,0.8860,1,12
133.00,172.80,6334,8200,5,0.40,0.00,0,0,0.8867,1,12
133.10,173.48,6354,8200,5,0.40,0.00,0,0,0.8873,1,12
133.20,174.16,6375,8200,5,0.40,0.00,0,0,0.8880,1,12
133.30,174.84,6395,8200,5,0.40,0.00,0,0,0.8887,1,12
133.40,175.52,6416,8200,5,0.40,0.00,0,0,0.8893,1,12
133.50,176.20,6436,8200,5,0.40,0.00,0,0,0.8900,1,12
133.60,176.88,6456,8200,5,0.40,0.00,0,0,0.8907,1,12
133.70,177.56,6477,8200,5,0.40,0.00,0,0,0.8913,1,12
133.80,178.24,6497,8200,5,0.40,0.00,0,0,0.8920,1,12
133.90,178.92,6518,8200,5,0.40,0.00,0,0,0.8927,1,12
134.00,179.60,6538,8200,5,0.40,0.00,0,0,0.8933,1,12
134.10,180.28,6558,8200,5,0.40,0.00,0,0,0.8940,1,12
134.20,180.96,6579,8200,5,0.40,0.00,0,0,0.8947,1,12
134.30,181.64,6599,8200,5,0.40,0.00,0,0,0.8953,1,12
134.40,182.32,6620,8200,5,0.40,0.00,0,0,0.8960,1,12
134.50,183.00,6640,8200,5,0.40,0.00,0,0,0.8967,1,12
134.60,183.68,6660,8200,5,0.40,0.00,0,0,0.8973,1,12
134.70,184.36,6681,8200,5,0.40,0.00,0,0,0.8980,1,12
134.80,185.04,6701,8200,5,0.40,0.00,0,0,0.8987,1,12
134.90,185.72,6722,8200,5,0.40,0.00,0,0,0.8993,1,12
135.00,186.40,6742,8200,5,0.40,0.00,0,0,0.9000,1,12
135.10,187.08,6762,8200,5,0.40,0.00,0,0,0.9007,1,12
135.20,187.76,6783,8200,5,0.40,0.00,0,0,0.9013,1,12
135.30,188.44,6803,8200,5,0.40,0.00,0,0,0.9020,1,12
135.40,189.12,6824,8200,5,0.40,0.00,0,0,0.9027,1,12
135.50,189.80,6844,8200,5,0.40,0.00,0,0,0.9033,1,12
135.60,190.48,6864,8200,5,0.40,0.00,0,0,0.9040,1,12
135.70,191.16,6885,8200,5,0.40,0.00,0,0,0.9047,1,12
135.80,191.84,6905,8200,5,0.40,0.00,0,0,0.9053,1,12
135.90,192.52,6926,8200,5,0.40,0.00,0,0,0.9060,1,12
136.00,193.20,6946,8200,5,0.40,0.00,0,0,0.9067,1,12
136.10,193.88,6966,8200,5,0.40,0.00,0,0,0.9073,1,12
136.20,194.56,6987,8200,5,0.40,0.00,0,0,0.9080,1,12
136.30,195.24,7007,8200,5,0.40,0.00,0,0,0.9087,1,12
136.40,195.92,7028,8200,5,0.40,0.00,0,0,0.9093,1,12
136.50,196.60,7048,8200,5,0.40,0.00,0,0,0.9100,1,12
136.60,197.28,7068,8200,5,0.40,0.00,0,0,0.9107,1,12
136.70,197.96,7089,8200,5,0.40,0.00,0,0,0.9113,1,12
136.80,198.64,7109,8200,5,0.40,0.00,0,0,0.9120,1,12
136.90,199.32,7130,8200,5,0.40,0.00,0,0,0.9127,1,12
137.00,200.00,7150,8200,5,0.40,0.00,0,0,0.9133,1,12
137.10,200.68,7170,8200,5,0.40,0.00,0,0,0.9140,1,12
137.20,201.36,7191,8200,5,0.40,0.00,0,0,0.9147,1,12
137.30,202.04,7211,8200,5,0.40,0.00,0,0,0.9153,1,12
137.40,202.72,7232,8200,5,0.40,0.00,0,0,0.9160,1,12
137.50,203.40,7252,8200,5,0.40,0.00,0,0,0.9167,1,12
137.60,204.08,7272,8200,5,0.40,0.00,0,0,0.9173,1,12
137.70,204.76,7293,8200,5,0.40,0.00,0,0,0.9180,1,12
137.80,205.44,7313,8200,5,0.40,0.00,0,0,0.9187,1,12
137.90,206.12,7334,8200,5,0.40,0.00,0,0,0.9193,1,12
138.00,206.80,7354,8200,5,0.40,0.00,0,0,0.9200,1,12
138.10,207.48,7374,8200,5,0.40,0.00,0,0,0.9207,1,12
138.20,208.16,7395,8200,5,0.40,0.00,0,0,0.9213,1,12
138.30,208.84,7415,8200,5,0.40,0.00,0,0,0.9220,1,12
138.40,209.52,7436,8200,5,0.40,0.00,0,0,0.9227,1,12
138.50,210.20,6684,8200,6,0.40,0.00,0,0,0.9233,1,12
138.60,210.88,6702,8200,6,0.40,0.00,0,0,0.9240,1,12
138.70,211.56,6720,8200,6,0.40,0.00,0,0,0.9247,1,12
138.80,212.24,6738,8200,6,0.40,0.00,0,0,0.9253,1,12
138.90,212.92,6755,8200,6,0.40,0.00,0,0,0.9260,1,12
139.00,213.60,6773,8200,6,0.40,0.00,0,0,0.9267,1,12
139.10,214.28,6791,8200,6,0.40,0.00,0,0,0.9273,1,12
139.20,214.96,6809,8200,6,0.40,0.00,0,0,0.9280,1,12
139.30,215.64,6827,8200,6,0.40,0.00,0,0,0.9287,1,12
139.40,216.32,6845,8200,6,0.40,0.00,0,0,0.9293,1,12
139.50,217.00,6863,8200,6,0.40,0.00,0,0,0.9300,1,12
139.60,217.68,6881,8200,6,0.40,0.00,0,0,0.9307,1,12
139.70,218.36,6899,8200,6,0.40,0.00,0,0,0.9313,1,12
139.80,219.04,6917,8200,6,0.40,0.00,0,0,0.9320,1,12
139.90,219.72,6934,8200,6,0.40,0.00,0,0,0.9327,1,12
140.00,209.27,6659,8200,6,0.00,1.00,1,0,0.9333,1,12
140.10,208.71,6645,8200,6,0.00,0.00,0,0,0.9340,1,12
140.20,208.18,6631,8200,6,0.00,0.00,0,0,0.9347,1,12
140.30,207.68,6618,8200,6,0.00,0.00,0,0,0.9353,1,12
140.40,207.23,6606,8200,6,0.00,0.00,0,0,0.9360,1,12
140.50,206.80,6594,8200,6,0.00,0.00,0,0,0.9367,1,12
140.60,206.42,6584,8200,6,0.00,0.00,0,0,0.9373,1,12
140.70,206.09,6576,8200,6,0.00,0.00,0,0,0.9380,1,12
140.80,205.79,6568,8200,6,0.00,0.00,0,0,0.9387,1,12
140.90,205.54,6561,8200,6,0.00,0.00,0,0,0.9393,1,12
141.00,205.34,6556,8200,6,0.00,0.00,0,0,0.9400,1,12
141.10,205.18,6552,8200,6,0.22,0.00,0,0,0.9407,1,12
141.20,205.07,6549,8200,6,0.23,0.00,0,0,0.9413,1,12
141.30,205.01,6547,8200,6,0.24,0.00,0,0,0.9420,1,12
141.40,205.00,6547,8200,6,0.25,0.00,0,0,0.9427,1,12
141.50,205.04,6548,8200,6,0.26,0.00,0,0,0.9433,1,12
141.60,205.13,6550,8200,6,0.27,0.00,0,0,0.9440,1,12
141.70,205.26,6554,8200,6,0.28,0.00,0,0,0.9447,1,12
141.80,205.45,6559,8200,6,0.29,0.00,0,0,0.9453,1,12
141.90,205.68,6565,8200,6,0.30,0.00,0,0,0.9460,1,12
142.00,205.95,6572,8200,6,0.31,0.00,0,0,0.9467,1,12
142.10,206.27,6580,8200,6,0.32,0.00,0,0,0.9473,1,12
142.20,206.63,6590,8200,6,0.33,0.00,0,0,0.9480,1,12
142.30,207.04,6601,8200,6,0.34,0.00,0,0,0.9487,1,12
142.40,207.48,6612,8200,6,0.35,0.00,0,0,0.9493,1,12
142.50,207.96,6625,8200,6,0.36,0.00,0,0,0.9500,1,12
142.60,208.47,6638,8200,6,0.36,0.00,0,0,0.9507,1,12
142.70,209.02,6653,8200,6,0.37,0.00,0,0,0.9513,1,12
142.80,209.60,6668,8200,6,0.38,0.00,0,0,0.9520,1,12
142.90,210.20,6684,8200,6,0.38,0.00,0,0,0.9527,1,12
143.00,210.82,6700,8200,6,0.39,0.00,0,0,0.9533,1,12
143.10,211.47,6717,8200,6,0.39,0.00,0,0,0.9540,1,12
143.20,212.13,6735,8200,6,0.40,0.00,0,0,0.9547,1,12
143.30,212.81,6753,8200,6,0.40,0.00,0,0,0.9553,1,12
143.40,213.50,6771,8200,6,0.40,0.00,0,0,0.9560,1,12
143.50,214.19,6789,8200,6,0.40,0.00,0,0,0.9567,1,12
143.60,214.89,6807,8200,6,0.40,0.00,0,0,0.9573,1,12
143.70,215.59,6826,8200,6,0.40,0.00,0,0,0.9580,1,12
143.80,216.29,6844,8200,6,0.40,0.00,0,0,0.9587,1,12
143.90,216.98,6862,8200,6,0.40,0.00,0,0,0.9593,1,12
144.00,217.66,6880,8200,6,0.40,0.00,0,0,0.9600,1,12
144.10,218.33,6898,8200,6,0.40,0.00,0,0,0.9607,1,12
144.20,218.98,6915,8200,6,0.39,0.00,0,0,0.9613,1,12
144.30,219.61,6932,8200,6,0.39,0.00,0,0,0.9620,1,12
144.40,220.22,6948,8200,6,0.38,0.00,0,0,0.9627,1,12
144.50,220.80,6963,8200,6,0.38,0.00,0,0,0.9633,1,12
144.60,221.36,6978,8200,6,0.37,0.00,0,0,0.9640,1,12
144.70,221.88,6991,8200,6,0.37,0.00,0,0,0.9647,1,12
144.80,222.37,7004,8200,6,0.36,0.00,0,0,0.9653,1,12
144.90,222.83,7016,8200,6,0.35,0.00,0,0,0.9660,1,12
145.00,223.24,7027,8200,6,0.34,0.00,0,0,0.9667,1,12
145.10,223.62,7037,8200,6,0.33,0.00,0,0,0.9673,1,12
145.20,223.95,7046,8200,6,0.32,0.00,0,0,0.9680,1,12
145.30,224.24,7054,8200,6,0.31,0.00,0,0,0.9687,1,12
145.40,224.49,7060,8200,6,0.30,0.00,0,0,0.9693,1,12
145.50,224.68,7065,8200,6,0.29,0.00,0,0,0.9700,1,12
145.60,224.84,7069,8200,6,0.28,0.00,0,0,0.9707,1,12
145.70,224.94,7072,8200,6,0.27,0.00,0,0,0.9713,1,12
145.80,224.99,7073,8200,6,0.26,0.00,0,0,0.9720,1,12
145.90,225.00,7073,8200,6,0.25,0.00,0,0,0.9727,1,12
146.00,224.95,7072,8200,6,0.24,0.00,0,0,0.9733,1,12
146.10,224.86,7070,8200,6,0.23,0.00,0,0,0.9740,1,12
146.20,224.72,7066,8200,6,0.22,0.00,0,0,0.9747,1,12
146.30,224.53,7061,8200,6,0.21,0.00,0,0,0.9753,1,12
146.40,224.29,7055,8200,6,0.00,0.00,0,0,0.9760,1,12
146.50,224.01,7047,8200,6,0.00,0.00,0,0,0.9767,1,12
146.60,223.69,7039,8200,6,0.00,0.00,0,0,0.9773,1,12
146.70,223.32,7029,8200,6,0.00,0.00,0,0,0.9780,1,12
146.80,222.91,7018,8200,6,0.00,0.00,0,0,0.9787,1,12
146.90,222.46,7007,8200,6,0.00,0.00,0,0,0.9793,1,12
147.00,221.98,6994,8200,6,0.00,0.00,0,0,0.9800,1,12
147.10,221.46,6980,8200,6,0.00,0.00,0,0,0.9807,1,12
147.20,220.91,6966,8200,6,0.00,0.00,0,0,0.9813,1,12
147.30,220.33,6951,8200,6,0.00,0.00,0,0,0.9820,1,12
147.40,219.73,6935,8200,6,0.00,0.00,0,0,0.9827,1,12
147.50,219.10,6918,8200,6,0.00,0.00,0,0,0.9833,1,12
147.60,218.45,6901,8200,6,0.00,0.00,0,0,0.9840,1,12
147.70,217.79,6884,8200,6,0.00,0.00,0,0,0.9847,1,12
147.80,217.11,6866,8200,6,0.00,0.00,0,0,0.9853,1,12
147.90,216.42,6848,8200,6,0.00,0.00,0,0,0.9860,1,12
148.00,215.72,6829,8200,6,0.00,0.00,0,0,0.9867,1,12
148.10,215.03,6811,8200,6,0.00,0.00,0,0,0.9873,1,12
148.20,214.33,6792,8200,6,0.00,0.00,0,0,0.9880,1,12
148.30,213.63,6774,8200,6,0.00,0.00,0,0,0.9887,1,12
148.40,212.94,6756,8200,6,0.00,0.00,0,0,0.9893,1,12
148.50,212.26,6738,8200,6,0.00,0.00,0,0,0.9900,1,12
148.60,211.60,6721,8200,6,0.00,0.00,0,0,0.9907,1,12
148.70,210.95,6703,8200,6,0.00,0.00,0,0,0.9913,1,12
148.80,210.32,6687,8200,6,0.00,0.00,0,0,0.9920,1,12
148.90,209.71,6671,8200,6,0.00,0.00,0,0,0.9927,1,12
149.00,209.13,6656,8200,6,0.00,0.00,0,0,0.9933,1,12
149.10,208.58,6641,8200,6,0.00,0.00,0,0,0.9940,1,12
149.20,208.06,6627,8200,6,0.00,0.00,0,0,0.9947,1,12
149.30,207.57,6615,8200,6,0.00,0.00,0,0,0.9953,1,12
149.40,207.12,6603,8200,6,0.00,0.00,0,0,0.9960,1,12
149.50,206.71,6592,8200,6,0.00,0.00,0,0,0.9967,1,12
149.60,206.34,6582,8200,6,0.00,0.00,0,0,0.9973,1,12
149.70,206.01,6574,8200,6,0.00,0.00,0,0,0.9980,1,12
149.80,205.73,6566,8200,6,0.00,0.00,0,0,0.9987,1,12
149.90,205.49,6560,8200,6,0.00,0.00,0,0,0.9993,1,12
150.00,205.29,6555,8200,6,0.21,0.00,0,0,1.0000,1,12
